,Top_1_name
%C3%81ed%C3%A1n_mac_Gabr%C3%A1in,
%C3%85land,
%C3%89douard_Manet,france
%C3%89ire,ireland
%C3%93engus_I_of_the_Picts,
%E2%82%AC2_commemorative_coins,luxembourg
10th_century,india
11th_century,
12th_century,
13th_century,
14th_century,italy
15th_century,
15th_Marine_Expeditionary_Unit,united states
16th_century,
16_Cygni,
16_Cygni_Bb,
1755_Lisbon_earthquake,portugal
17th_century,japan
1896_Summer_Olympics,greece
18th_century,france
1928_Okeechobee_Hurricane,united states
1973_oil_crisis,
1980_eruption_of_Mount_St._Helens,united states
1997_Pacific_hurricane_season,mexico
19th_century,united kingdom
1st_century,
1st_century_BC,
1_Ceres,italy
2-6-0,
2-8-0,china
2003_Atlantic_hurricane_season,united states
2004_Atlantic_hurricane_season,
2004_Indian_Ocean_earthquake,indonesia
2005_Atlantic_hurricane_season,united states
2005_Hertfordshire_Oil_Storage_Terminal_fire,
2005_Kashmir_earthquake,pakistan
2005_Lake_Tanganyika_earthquake,
2005_Sumatra_earthquake,indonesia
20th_century,
21st_century,
2nd_century,
3rd_century,
3_Juno,
4-2-0,united states
4-4-0,united states
4-6-0,united states
47_Ursae_Majoris,
47_Ursae_Majoris_b,
47_Ursae_Majoris_c,
4th_century,
4_Vesta,
55_Cancri,
55_Cancri_b,
55_Cancri_c,
55_Cancri_d,
55_Cancri_e,
5th_century,
6-2-0,united states
6th_century,
7th_century,
8th_century,france
90377_Sedna,
9th_century,iraq
A._E._J._Collins,
Aachen,germany
Aardvark,
Aarhus,denmark
Abac%C3%A1,philippines
Abacus,china
Abadan,iran
Abbadid,spain
Abbasid,iraq
Abbas_I_of_Persia,iran
Abbey,
Abbey_Theatre,ireland
Abbot,united kingdom
Abel_Tasman,netherlands
Aberdeen,
Aberration_of_light,
Aberystwyth,
Abhidhamma_Pitaka,
Abidjan,
Abkhazia,georgia
Able_Archer_83,
ABO_blood_group_system,
Abraham_Goldfaden,
Abraham_Lincoln,
Absinthe,france
Absolute_zero,
Abstract_art,
Abuja,
Abu_Dhabi,united arab emirates
Acceleration,
Accountancy,
Accra,ghana
Acetic_acid,
Acetone,
Achilles,greece
Achilles_tendon,
Acid_rain,
Acorn_Computers,
Actinium,
Action_potential,
Actor,
Acts_of_Union_1707,united kingdom
Actuary,united kingdom
AC_DC,australia
Adam_Smith,
Addis_Ababa,ethiopia
Adelaide,australia
Adenosine_triphosphate,
Adi_Shankara,india
Adolf_Hitler,germany
Adriaen_van_der_Donck,netherlands
Advertising,japan
Aesthetics,
Afghanistan,afghanistan
Afghan_Hound,afghanistan
Africa,south africa
African_American_literature,united states
African_Black_Oystercatcher,
African_Brush-tailed_Porcupine,
African_Buffalo,
African_clawed_frog,south africa
African_Darter,
African_dwarf_frog,
African_Great_Lakes,uganda
African_Grey_Hornbill,
African_Grey_Parrot,
African_Jacana,
African_Penguin,south africa
African_slave_trade,
African_Union,ethiopia
African_Wild_Dog,botswana
Afrikaans,south africa
Agamemnon,greece
Age_of_Enlightenment,france
Aggregator,
Agnosticism,
Agriculture,germany
AIDS,
Airbus,france
Airbus_A380,france
Aircraft,
Aircraft_carrier,united states
Airship,united states
Ajax_%28programming%29,
AK-47,russia
Akbar,india
Akhenaten,egypt
Akira_Kurosawa,japan
Akkadian_Empire,
Akrotiri_and_Dhekelia,
Aksumite_currency,ethiopia
Alamosaurus,united states
Alan_Turing,
Albania,albania
Albatross,
Albertosaurus,canada
Alberto_Santos-Dumont,brazil
Albert_Einstein,germany
Albigensian_Crusade,france
Albinism,
Albrecht_D%C3%BCrer,germany
Albrecht_Rodenbach,belgium
Alchemy,
Alcibiades,greece
Alcohol,
ALCO_FA,united states
Aleksandr_Pushkin,russia
Aleksandr_Vasilevsky,russia
Aleksey_Arakcheyev,russia
Alexander_Graham_Bell,canada
Alexander_Hamilton,united states
Alexander_the_Great,
Alfred_Hitchcock,
Alfred_Nobel,sweden
Alfred_the_Great,
Algebra,
Algeria,algeria
Algerian_Civil_War,algeria
Algiers,algeria
Algol,
Algoma_Central_Railway,canada
Algorithm,
Alice%27s_Adventures_in_Wonderland,
Allah,
Allegory_in_the_Middle_Ages,italy
Alligator,united states
Alliterative_verse,denmark
Allosaurus,
All_Blacks,new zealand
All_your_base_are_belong_to_us,japan
All_You_Need_Is_Love_%28The_JAMs_song%29,
Almaty,kazakhstan
Almond,turkey
Alpaca,peru
Alphabet,
Alternating_current,united states
Alternation_of_generations,
Alternative_rock,united kingdom
Aluminium,
Aluminium_chloride,
Alzheimer%27s_disease,germany
Al_Jazeera,qatar
Amaranth_oil,
Amarillo%2C_Texas,united states
Amazon_Basin,brazil
Amazon_parrot,
Amazon_Rainforest,brazil
Amazon_River,brazil
Amber,poland
Amda_Seyon_I,ethiopia
American_Civil_War,united states
American_English,united states
American_football,united states
American_popular_music,united states
American_Revolutionary_War,france
American_Samoa,
Americium,
Amish,united states
Ammolite,canada
Ammonia,china
Ammonite,
Ammosaurus,united states
Amsterdam,netherlands
Amtrak,united states
Amur,
Anaconda,brazil
Analytical_Marxism,
Anarchism,
Anarcho-capitalism,
Anatomy,
Ancient_Egypt,egypt
Ancient_Greece,greece
Ancient_history,
Ancient_Rome,italy
Andes,chile
Andorra,andorra
Andr%C3%A9s_Nocioni,argentina
Andrew_Carnegie,
Andrew_Dickson_White,united states
Andrew_Gonzalez,philippines
Andrew_Jackson,
Andrew_Johnson,
Andrew_Robinson,united states
Andriyivskyy_Descent,ukraine
Andromeda_Galaxy,
Andy_Warhol,
Anemia,
Angelica,
Angel_shark,
Angkor,cambodia
Angkor_Wat,cambodia
Anglicanism,
Anglican_Church_of_Australia,australia
Anglican_Communion,
Anglo-Saxon_literature,
Angola,angola
Anguilla,anguilla
Animal,
Animal_law,
Animal_rights,
Animation,
Ankylosaurus,canada
Anna_Karenina,russia
Anne_Frank,netherlands
Anne_of_Great_Britain,
Annibale_Bugnini,italy
Anno_Domini,
Ann_Arbor%2C_Michigan,united states
Anschluss,austria
Ant,antarctica
Antananarivo,madagascar
Antarctica,antarctica
Antarctic_krill,antarctica
Antarctic_Treaty_System,antarctica
Antarctosaurus,argentina
Anteater,
Antelope,
Anthony_van_Dyck,
Anthropology,malawi
Antigua_and_Barbuda,
Antimony,
Antlion,
Antoine_Lavoisier,france
Anton%C3%ADn_Dvo%C5%99%C3%A1k,
Antonio_Vivaldi,italy
Anton_Alexander_von_Werner,germany
Antwerp,belgium
Apaochi,china
Apatosaurus,
Ape,
Aphid,
Apollo,greece
Apollo_11,united states
Apollo_8,united states
Apostolic_Succession,
Apple,kazakhstan
Applied_mathematics,
Apricot,china
Aquarium,united states
Arab-Israeli_conflict,israel
Arabic_language,saudi arabia
Arable_land,
Arab_League,egypt
Aradia%2C_or_the_Gospel_of_the_Witches,italy
Aral_Sea,kazakhstan
Arcadia_%28play%29,
Archaeoastronomy,united kingdom
Archaeology,united kingdom
Archaeopteryx,germany
Archbishop_of_Canterbury,
Archimedes,
Architecture,greece
Architecture_of_the_California_missions,united states
Architecture_of_Windows_NT,united states
Arctic,
Arctic_Circle,
Arctic_Monkeys,
Arctic_Ocean,russia
Arctic_Tern,
Arecaceae,colombia
Argan,morocco
Argentina,argentina
Argon,
Argyle_diamond_mine,australia
Ariel_Sharon,israel
Aristarchus_%28crater%29,
Aristotle,greece
Arithmetic,
Armadillo,
Armand_Jean_du_Plessis%2C_Cardinal_Richelieu,france
Armenia,armenia
Armia_Krajowa,poland
Arnold_Schwarzenegger,austria
Arp2_3_complex,
Arsenal_F.C.,
Arsenic,
Ars_moriendi,netherlands
Art,
Arthropod,
Arthur_Ernest_Percival,
Arthur_Sullivan,
Arthur_Upfield,australia
Arthur_Wellesley%2C_1st_Duke_of_Wellington,united kingdom
Arts_and_crafts,
Aruba,aruba
Arugula,
Ascariasis,
ASCII,
Asia,
Asparagus,
Asperger_syndrome,austria
Asp_%28reptile%29,egypt
Assyria,iraq
Astatine,
Asteroid,
Asthma,
Astrology,
Astronomy,
Astrophysics_Data_System,united states
Asunci%C3%B3n,paraguay
AT%26T,
Ateneo_de_Manila_University,philippines
Athanasius_Kircher,germany
Atheism,
Athena,greece
Athens,greece
Athletics_%28track_and_field%29,
Atlanta%2C_Georgia,united states
Atlantic_Coast_Line_Railroad,united states
Atlantic_herring,canada
Atlantic_Ocean,
Atlantic_slave_trade,
Atlantis,
ATLAS_experiment,switzerland
Atom,
Atonality,
Attack_on_Pearl_Harbor,united states
Attalus_I,turkey
Attention-deficit_hyperactivity_disorder,united states
Attila_the_Hun,hungary
Auckland,new zealand
Augusta%2C_Lady_Gregory,ireland
Augustan_literature,
Auguste_Rodin,france
Augustine_of_Hippo,algeria
Augustus,
Australia,australia
Australian_constitutional_law,australia
Australian_English,australia
Australian_Green_Tree_Frog,australia
Australian_Open,australia
Australian_Ringneck,australia
Australian_rules_football,australia
Austria,austria
Autism,
Autobianchi_Primula,italy
Autocracy,
Automated_teller_machine,canada
Automatic_number_plate_recognition,united kingdom
Automobile,germany
Autorack,united states
Autostereogram,
Auto_racing,france
Autumn,
Avacha_Volcano,russia
Avalanche,france
Avatar__The_Last_Airbender,united states
Avocado,mexico
Avon_Gorge,
Avro_Lancaster,united kingdom
Axe,australia
Ayaan_Hirsi_Ali,netherlands
Aye-aye,madagascar
Aymer_de_Valence%2C_2nd_Earl_of_Pembroke,
Azerbaijan,azerbaijan
Azerbaijani_people,azerbaijan
Aztec,mexico
A_cappella,
A_Christmas_Carol,united kingdom
A_Tale_of_a_Tub,ireland
A_Wrinkle_in_Time,united states
Babe_Ruth,united states
Baboon,
Babur,uzbekistan
Babylonia,iraq
Baby_Gender_Mentor,united states
Backgammon,
Bacteria,
Baden-Powell_House,united kingdom
Badger,
Badminton,denmark
Badugi,united states
BAE_Systems,
Baghdad,iraq
Bah%C3%A1%27%C3%AD_Faith,iran
Bahamas,bahamas
Bahrain,bahrain
Baker_Island,united states
Bald_Eagle,united states
Baltic_Sea,denmark
Baltimore%2C_Maryland,united states
Bamako,mali
Banana,india
Bandicoot,
Bangalore,india
Bangkok,thailand
Bangladesh,bangladesh
Banjul,gambia
Banknote,
Banksy,
Bank_of_China_%28Hong_Kong%29,
Bantu,
Barack_Obama,united states
Barbados,barbados
Barbara_McClintock,united states
Barbary_Lion,morocco
Barbary_Macaque,morocco
Barcelona,spain
Barium,
Barley,
Barnacle,
Barn_Owl,
Baroque,italy
Barracuda,
Baruch_Spinoza,netherlands
Baseball,united states
Basel,switzerland
BASIC,united states
Basil,italy
Basilica_of_Santa_Maria_degli_Angeli,italy
Basilica_of_San_Francesco_d%27Assisi,italy
Basil_Brush,united kingdom
Basketball,
Basking_shark,
Basset_Hound,france
Bassoon,
Bass_%28fish%29,
Bat-eared_Fox,
Bat,
Bath%2C_Somerset,
Batholith,united states
Bath_School_disaster,
Batman,
Battles_of_the_Mexican-American_War,mexico
Battle_of_Alesia,france
Battle_of_Amiens,france
Battle_of_Austerlitz,
Battle_of_Badr,saudi arabia
Battle_of_Bicocca,italy
Battle_of_Britain,united kingdom
Battle_of_Cannae,italy
Battle_of_France,france
Battle_of_Gettysburg,united states
Battle_of_Grunwald,poland
Battle_of_Hastings,
Battle_of_Jutland,denmark
Battle_of_Lechaeum,greece
Battle_of_Leyte_Gulf,philippines
Battle_of_Marathon,greece
Battle_of_Midway,united states
Battle_of_Moscow,
Battle_of_Normandy,france
Battle_of_Rennell_Island,solomon islands
Battle_of_Sitka,
Battle_of_Smolensk_%281943%29,
Battle_of_Stalingrad,
Battle_of_the_Bulge,belgium
Battle_of_the_Eastern_Solomons,solomon islands
Battle_of_the_Little_Bighorn,
Battle_of_the_Santa_Cruz_Islands,solomon islands
Battle_of_the_Somme_%281916%29,france
Battle_of_Tours,france
Battle_of_Vaslui,
Battle_of_Warsaw_%281920%29,poland
Bay_Area_Rapid_Transit,united states
Bay_of_Bengal,india
BBC,united kingdom
BBC_television_drama,united kingdom
Beach,australia
Bean,united kingdom
Bear,finland
Beatles_for_Sale,united kingdom
Beaver,canada
Bedbug,
Bede,
Bee,united kingdom
Beeching_Axe,united kingdom
Beekeeping,
Beep_%28SWBLW%29,united states
Beer,
Beet,germany
Beetle,
Behavioral_finance,
Behistun_Inscription,iran
Beijing,china
Beirut,lebanon
Belarus,belarus
Belfast,ireland
Belgium,belgium
Belize,belize
Belton_House,
Ben-Hur_%281959_film%29,united states
Bench_language,ethiopia
Benin,benin
Benito_Mussolini,italy
Benjamin_Britten,
Benjamin_Disraeli%2C_1st_Earl_of_Beaconsfield,united kingdom
Benjamin_Franklin,united states
Benjamin_Harrison,
Benjamin_Mountfort,new zealand
Benjamin_of_Tudela,spain
Benzene,
Ben_Jonson,
Ben_Nevis,
Berber_languages,morocco
Beriberi,
Berkelium,united states
Berlin,germany
Berlin_Wall,germany
Bermuda,bermuda
Bernard_Hinault,france
Bertrand_Russell,
Beryllium,
Betelgeuse_incident,ireland
Bette_Davis,
Bhutan,bhutan
Bible,israel
Bicycle,italy
Bicycle_Thieves,italy
Big_Bang,
Billie_Holiday,united states
Bill_Clinton,united states
Bill_Gates,united states
Binary_star,
Binoculars,
Binomial_nomenclature,
Biodiesel,
Biodiversity,
Biofuel,united states
Bioinformatics,
Biology,
Bionicle__Mask_of_Light,new zealand
Biosphere,
Biotechnology,
Bird,
Bird_migration,australia
Bird_of_prey,
Birmingham,
Birth_control,
Bismuth,
Bison,
Bissau,
Bj%C3%B6rn_Borg,sweden
Bj%C3%B8rn%C3%B8ya,norway
Black-backed_Jackal,
Black-footed_Cat,south africa
Black-winged_Stilt,
Blackbird,united states
Blackcap,
Blackjack,united states
Blackpool,
Blacktip_reef_shark,
Black_Death,
Black_hole,
Black_panther,
Black_pepper,india
Black_Rhinoceros,
Black_Robin,new zealand
Black_Sea,turkey
Black_Seminoles,united states
Black_widow_spider,
Black_Wildebeest,
Blade_Runner,united states
Blaise_Pascal,france
Blitzkrieg,germany
Blokus,france
Blood_type,
Bluegrass_music,united states
Bluetooth,sweden
Blue_Jay,
Blue_Peter,united kingdom
Blue_shark,
Blue_Tit,
Blue_Whale,
Blue_Wildebeest,south africa
Boa,
Board_game,
Boat,
Bobcat,united states
Bob_Dylan,united states
Bob_Marley,jamaica
Bodyline,australia
Body_mass_index,
Boeing_747,japan
Bog,germany
Bogot%C3%A1,colombia
Bohemian_Rhapsody,
Bohor_Reedbuck,
Bohrium,
Bolivia,bolivia
Bologna,italy
Boltysh_crater,ukraine
Bongo_%28antelope%29,kenya
Bonobo,
Bontebok,south africa
Booby,
Book,
Book_of_Common_Prayer,
Book_of_Kells,ireland
Boolean_logic,
Borage,syria
Boris_Becker,germany
Boron,turkey
Bosnia_and_Herzegovina,
Boston%2C_Massachusetts,united states
Boston_and_Lowell_Railroad,
Boston_RFC,
Boston_Terrier,united states
Botany,
Botswana,botswana
Bottlenose_Dolphin,
Boudica,united kingdom
Boundary_Waters_Canoe_Area_Wilderness,
Bourbonnais_train_accident,united states
Bouvet_Island,norway
Box_jellyfish,australia
Boyle_Roche,ireland
Boy_Scout,united states
BP,united kingdom
Brabantian,netherlands
Brabham,united kingdom
Brachiosaurus,united states
Brahman,india
Brain,
Bran,
Brandon_Routh,united states
Bras%C3%ADlia,brazil
Brass_instrument,
Bratislava,slovakia
Brazil,brazil
Bread,germany
Breaker_Morant,australia
Bretton_Woods_system,united states
Brian_Close,
Bridge,
Brighton,
Brisbane,australia
Bristol,
British_East_India_Company,united kingdom
British_Empire,united kingdom
British_English,united kingdom
British_House_of_Commons,united kingdom
British_Indian_Ocean_Territory,
British_Isles,
British_Isles_%28terminology%29,
British_monarchy,united kingdom
British_Virgin_Islands,british virgin islands
Britney_Spears,united states
Broadcasting,united states
Bromine,
Bronze_Age,china
Brothers_Grimm,germany
Brown_trout,
Bruce_Lee,china
Bruce_Springsteen,united states
Brunei,brunei
Brush,cameroon
Brussels,belgium
Brute_force_attack,united states
Bryce_Canyon_National_Park,
Btrieve,united states
BT_Tower,
Bucharest,
Buckingham_Palace,united kingdom
Buckminster_Fuller,united states
Budapest,hungary
Buddha,nepal
Buddhism,nepal
Buddhist_art,afghanistan
Buenos_Aires,argentina
Buffy_the_Vampire_Slayer,united states
Bulgaria,bulgaria
Bull_shark,
Burkina_Faso,burkina faso
Burundi,burundi
Bushbuck,
Bushpig,south africa
Business,united states
Butter,
Button,
Byzantine_Empire,greece
B_vitamins,
C%2B%2B,
C%C3%A6dmon,
C%C3%B4te_d%27Ivoire,
C._S._Lewis,ireland
Cactus,mexico
Cadmium,germany
Caesar_cipher,italy
Caesium,
Caesium_fluoride,
Cairo,egypt
Cai_Lun,china
Calcite,united states
Calcium,
Calcium_chloride,
Calculus,
Calgary,canada
California,united states
California_Southern_Railroad,united states
Californium,
Calligraphy,china
Caloris_Basin,
Calvin_and_Hobbes,united states
Calvin_Coolidge,
Camarasaurus,
Cambodia,cambodia
Cambrian,
Cambrian_explosion,china
Cambridge,
Camel,
Cameroon,cameroon
Canada,canada
Canada_Goose,canada
Canadian_Charter_of_Rights_and_Freedoms,canada
Canadian_English,canada
Canadian_football,canada
Canadian_House_of_Commons,canada
Canadian_Pacific_Railway,canada
Canadian_Senate,canada
Canal,united states
Canaletto,italy
Canberra,australia
Cancer,
Cane_Toad,
Canola,canada
Canterbury,
Canterbury_Cathedral,
Canute_the_Great,denmark
Capacitance,
Cape_Canaveral,united states
Cape_Horn,chile
Cape_Lion,south africa
Cape_Porcupine,south africa
Cape_Town,south africa
Cape_Verde,cape verde
Capital,australia
Capitalism,
Capitoline_Triad,
Captain_Marvel_%28DC_Comics%29,
Caracas,venezuela
Caratacus,
Caravaggio,italy
Carbon,
Carboniferous,
Carbon_dioxide,
Carcinus_maenas,
Cardiff,
Card_game,
Caribbean_Sea,venezuela
Carlsbad_Caverns_National_Park,
Carl_Friedrich_Gauss,germany
Carl_G._Fisher,united states
Carl_Jung,switzerland
Carl_Lewis,united states
Carl_Sagan,united states
Carnivore,
Caroline_Island,kiribati
Carolingian_Gospel_Book_%28British_Library%2C_MS_Add._11848%29,france
Carolus_Linnaeus,sweden
Carrot,afghanistan
Casablanca_%28film%29,morocco
Casimir_effect,netherlands
Caspian_Sea,
Cassini-Huygens,
Cassowary,australia
Castra,
Cat%27s_Eye_Nebula,
Cat,
Cataract,india
Cataract_surgery,india
Cathedral_of_Magdeburg,germany
Catherine_Cranston,
Catherine_II_of_Russia,russia
Catholic_social_teaching,
Cattle,
Cat_Stevens,
Cave,
Cayman_Islands,cayman islands
Celeriac,
Celery,
Celine_Dion,canada
Cello,italy
Cell_%28biology%29,
Celtic_F.C.,
Celtic_mythology,ireland
Celtic_Park,
Central_African_Republic,central african republic
Central_processing_unit,
Ceratopsidae,
Cereal,
Cerebellum,
Ceres_%28dwarf_planet%29,
Cerium,
CF7,united states
Chad,chad
Chadian-Sudanese_conflict,chad
Chaffinch,
Channel_Islands,guernsey
Charlemagne,france
Charles_Babbage,
Charles_Darwin,
Charles_Dickens,
Charles_Etienne_Brasseur_de_Bourbourg,france
Charles_II_of_England,
Charles_I_of_England,
Charles_Sumner,united states
Charles_V%2C_Holy_Roman_Emperor,spain
Charlie_Chaplin,
Charlotte%27s_Web,united states
Chartism,united kingdom
Cheers,united states
Cheese,france
Cheetah,tanzania
Chelsea_F.C.,
Chemical_element,
Chemical_synapse,
Chemistry,
Chennai,india
Chepstow_Bridge,
Chernobyl_disaster,ukraine
Chess,
Chester_A._Arthur,
Chestnut,
Chew_Magna,
Chew_Stoke,
Chew_Valley,
Chew_Valley_Lake,
Che_Guevara,argentina
Chicago,united states
Chicago_and_North_Western_Railway,united states
Chicago_Bears,united states
Chicken,india
Child,
Children%27s_Crusade,
Children%27s_rights_movement,
Chile,chile
Chiltern_Hills,
Chimpanzee,cameroon
China,china
Chinese_language,china
Chinese_Rites_controversy,china
Chinyingi,zambia
Chives,
Chlorine,
Chocolate,
Chola_dynasty,india
Cholera,india
Chordate,
Christianity,
Christian_Bale,
Christian_monasticism,
Christina_Aguilera,united states
Christmas_Island,australia
Christopher_Columbus,spain
Christopher_Wren,
Chris_Evert,united states
Chromatic_aberration,
Chromatophore,
Chromium,south africa
Church_of_England,
Church_of_Ireland,ireland
Cicely,
Cider,united kingdom
Cinema_of_the_United_States,united states
Citizenship,
Citizen_Kane,united states
Citrus,china
City,united states
City_status_in_the_United_Kingdom,united kingdom
Civilization,greece
Civilization_%28computer_game%29,united states
Civil_rights,united states
Civil_society,
Civil_War_token,united states
Clarinet,
Classic_female_blues,united states
Claude_L%C3%A9vi-Strauss,france
Claude_Monet,france
Claudius,
Clay,estonia
Cleopatra_VII,egypt
Cleopatra_VII_of_Egypt,egypt
Cleveland%2C_Ohio,
Clifton_Suspension_Bridge,
Climate,
Climate_change,
Clock,
Clone_Wars_%28Star_Wars%29,
Clothing,
Cloud,australia
Coal,
Coal_Tit,
Cobalt,
Coccinellidae,
Cochineal,mexico
Cockatiel,australia
Cocoa,
Coconut,
Coconut_crab,
Coconut_oil,philippines
Cocos_%28Keeling%29_Islands,australia
Cod,
Code_of_Hammurabi,
Coffee,
Coin,
Colditz_Castle,germany
Cold_War,united states
Colima_%28volcano%29,mexico
Collapse_of_the_World_Trade_Center,united states
Colley_Cibber,
Cologne,germany
Colombia,colombia
Colombo,sri lanka
Color,
Colorado_River,
Color_blindness,
Color_Graphics_Adapter,united states
Colossus_of_Rhodes,greece
Columba,ireland
Columbia_River,united states
Columbine_High_School_massacre,united states
Columbus%2C_Ohio,united states
Comet,japan
Comet_Hale-Bopp,
Comet_Halley,
Comet_Hyakutake,japan
Comet_Shoemaker-Levy_9,
Comet_White-Ortiz-Bolelli,australia
Comics,
Comma_Johanneum,
Commodore_64,united states
Commonwealth_Games,canada
Common_agouti,brazil
Common_Basilisk,
Common_cold,
Common_Cuckoo,
Common_Eider,
Common_Eland,
Common_Hazel,italy
Common_Pheasant,
Common_sage,
Common_Tern,
Communication,
Communism,
Community,
Comoros,comoros
Compact_Disc,japan
Company_%28law%29,
Compsognathus,germany
Computational_chemistry,
Computer,
Computer_and_video_games,
Computer_programming,
Computer_science,
Conakry,guinea
Concorde,france
Condoleezza_Rice,united states
Conflict,
Confucianism,china
Confucius,china
Congo_River,
Consolation_of_Philosophy,italy
Constantine_I,serbia
Constantine_II_of_Scotland,
Constitutional_monarchy,united kingdom
Constitution_of_May_3%2C_1791,poland
Constructivism_%28art%29,russia
Consumer_protection,united states
Contact_lens,germany
Continent,
Continental_crust,
Control_car_%28rail%29,germany
Convention_on_the_International_Trade_in_Endangered_Species_of_Wild_Flora_and_Fauna,united states
Convention_on_the_Rights_of_the_Child,united states
Cookiecutter_shark,
Cook_Islands,cook islands
Cooperative,
Coot,
Copenhagen,denmark
Copenhagen_Fire_of_1728,denmark
Copper%28I%29_chloride,
Copper,chile
Coriander,
Corinthian_War,greece
Cormorant,
Cornea,
Cornell_University,united states
Corn_oil,
Coronation_Street,united kingdom
Corporate_finance,
Corporation,
Corrosion,
Corundum,
Cosmic_inflation,
Cosmic_microwave_background_radiation,
Costa_Rica,costa rica
Costume_design,
Cotopaxi,ecuador
Cotswolds,
Cotton,united states
Coulomb%27s_law,france
Country,
Coupling_%28railway%29,australia
Coventry,
CPU_cache,
Crab_Nebula,
Crash_test_dummy,
Craters_of_the_Moon_National_Monument_and_Preserve,
Craton,
Creation-evolution_controversy,united states
Creationism,
Creative_Commons,united states
Cretaceous-Tertiary_extinction_event,canada
Cretaceous,
Cricket,
Crime,russia
Crimean_Karaites,
Crimean_War,russia
Crime_and_Punishment,russia
Crime_in_Mexico,mexico
Crimson-collared_Tanager,
Cristero_War,mexico
Criticism_of_the_War_on_Terrorism,united states
Croatia,croatia
Crocodile,australia
Crohn%27s_disease,united states
Crossbill,
Cross_Fell,
Crow,united kingdom
Crown_Jewels_of_the_United_Kingdom,united kingdom
Crusades,
Crustacean,
Crust_%28geology%29,australia
Cryptography,germany
Crystal,
Crystallographic_defects_in_diamond,
CS_gas,
Cuba,cuba
Cubeb,indonesia
Cubism,
Cuckmere_Haven,
Cultivar,
Cultural_diversity,
Cultural_identity,
Culture,iran
Culture_of_the_Democratic_Republic_of_the_Congo,
Curium,
Currency,
Cyanocobalamin,
Cyberpunk,
Cyclamen,
Cyclone_Percy,
Cyclone_Rosita,australia
Cyclops,greece
Cymbopogon,
Cyprus,cyprus
Cyril_Clarke,
Cyrus_K._Holliday,
Cyrus_the_Great,iran
Cystic_fibrosis,
Czech_Republic,
D%C3%A1l_Riata,
D%C3%BCsseldorf,germany
Dad%27s_Army,united kingdom
Dada,switzerland
Dakar,senegal
Dakota%2C_Minnesota_and_Eastern_Railroad,united states
Daley_Thompson,
Dallas%2C_Texas,united states
Dam,united kingdom
Damascus,syria
Damascus_steel,syria
Damon_Hill,united kingdom
Dance,india
Dandelion,
Daniel_Day-Lewis,ireland
Daniel_Ellsberg,united states
Danny_Deever,india
Danske_Statsbaner,denmark
Dante_Alighieri,italy
Danube,
Darfur_conflict,sudan
Dark_Ages,italy
Darling_River,australia
Darmstadtium,germany
Darth_Vader,
Dartmoor,
Das_Kapital,germany
Data_Encryption_Standard,united states
David_Attenborough,united kingdom
David_Beckham,
David_Blanchflower,united states
David_Cameron,united kingdom
David_Copperfield_%28novel%29,united kingdom
David_Helvarg,united states
David_Heymann,united states
David_Hilbert,germany
David_Hume,
David_III_of_Tao,georgia
David_Livingstone,zambia
Davis_Cup,united states
Davy_Jones%27_Locker,
Day,
Dayuan,
Dead_Sea,jordan
Dead_Sea_scrolls,jordan
Death_Valley_National_Park,
Decade_Volcanoes,russia
Deconstructivism,
Defaka,
Defense_of_Sihang_Warehouse,china
Definition_of_planet,
Deinonychus,
Deity,
Delhi,india
Deluge_%28mythology%29,
Demand_Note,united states
Democracy,
Democratic_Action_Party,malaysia
Democratic_Republic_of_the_Congo,
Demosthenes,greece
Denis_Law,
Denmark,denmark
Dennis_Ritchie,united states
Denver%2C_Colorado,united states
Derby,
Desert,morocco
Desert_locust,
Desmond_Tutu,south africa
Despotism,
Detroit%2C_Michigan,united states
Devonian,
Dewey_Square,
Diabetes_mellitus,
Diamond,australia
Diamond_cut,india
Diamond_simulant,
Diane_Keaton,
Dice,
Dido_and_Aeneas,
Diego_Garcia,
Diego_Maradona,argentina
Diego_Vel%C3%A1zquez,spain
Differential_equation,
Differential_geometry_and_topology,
Diffuse_interstellar_band,
Dik-dik,
Dill,
Dilophosaurus,
Dimetrodon,
Dingo,australia
Dinosaur,
Diplodocus,
Directdebit,united kingdom
Directive_Principles_in_India,india
Disneyland_Railroad,united states
Distilled_beverage,
Dixie_Mission,united states
Djibouti,djibouti
Dmitri_Mendeleev,russia
DNA,
DNA_repair,
Doctor_Who,united kingdom
Dodo,mauritius
Dog,united kingdom
Doha,qatar
Dolphin,
Domesday_Book,
Domesticated_turkey,united states
Domestic_AC_power_plugs_and_sockets,australia
Domestic_goat,
Dominica,dominica
Dominican_Republic,
Donald_Bradman,australia
Donald_Duck,united states
Donald_Knuth,
Donation,united kingdom
Doom,united states
Dorset,
Double-decker_bus,united kingdom
Double_bass,
Douglas_Adams,
Douglas_DC-4,united states
Dove,
Dover,
Down_syndrome,
Dr._Seuss,
Drama,
Draughts,netherlands
Drawing,
Dresden,germany
Drinking_water,
Driving_on_the_left_or_right,united kingdom
Drosera_anglica,
Drosophila_melanogaster,
Drought,australia
Drum_and_bass,
Dualism_%28philosophy_of_mind%29,
Dubai,united arab emirates
Dublin,ireland
Dubnium,russia
Duchenne_muscular_dystrophy,
Dundee,
Dundee_United_F.C.,
Dune,china
Dunnock,
Dunstable_Downs,
Duran_Duran,
Durham,
Durham_Cathedral,
Durian,malaysia
Dutch_language,netherlands
Du_Fu,china
DVD,japan
Dwight_D._Eisenhower,
Dysprosium,
E.T._the_Extra-Terrestrial_%28Atari_2600%29,united states
E._E._Cummings,united states
E._P._Wigner,hungary
Eagle,
Eagle_Scout_%28Boy_Scouts_of_America%29,united states
Earless_seal,
Earl_of_Shaftesbury,
Earth%27s_atmosphere,
Earth,
Earthquake,
Earwax,
East-West_Schism,
EastEnders,united kingdom
Eastern_Orthodox_Church,greece
Eastern_Roman_Empire,
Easter_Island,chile
East_Africa,kenya
East_Flemish,belgium
East_Timor,timor-leste
Ebony,india
ECHELON,united kingdom
Ecology,
Economics,
Economic_inequality,
Economy_of_Africa,
Economy_of_India,india
Economy_of_Pakistan,pakistan
Economy_of_Scotland,
Economy_of_the_Iroquois,
Economy_of_the_Republic_of_Ireland,ireland
Ecuador,ecuador
Edema,
Edgar_Allan_Poe,united states
Edible_salt,china
Edinburgh,
Edmond_Halley,
Edmonton,canada
Edmund_Burke,ireland
Edmund_Hillary,new zealand
Education,afghanistan
Educational_psychology,united states
Education_in_the_United_States,united states
Edward_Gibbon,
Edward_III_of_England,
Edward_II_of_England,
Edward_IV_of_England,
Edward_I_of_England,
Edward_Jenner,
Edward_Teller,
Edward_the_Confessor,
Edward_VIII_of_the_United_Kingdom,united kingdom
Edward_VII_of_the_United_Kingdom,united kingdom
Edward_VI_of_England,
Edward_V_of_England,
Edwin_of_Northumbria,
Effects_of_global_warming,
Effects_of_nuclear_explosions,united states
Effect_of_Hurricane_Katrina_on_New_Orleans,united states
Egg_%28food%29,
Egypt,egypt
Egyptian_pyramids,egypt
Eifel_Aqueduct,germany
Eilmer_of_Malmesbury,
Einsteinium,united states
Elagabalus,syria
Eldfell,iceland
Election,italy
Electrical_engineering,united states
Electrical_resistance,
Electricity,
Electric_charge,
Electric_field,
Electromagnetic_radiation,
Electron,france
Electronics,
Electronic_amplifier,
Electron_beam_welding,france
Elementary_algebra,
Elementary_arithmetic,
Elementary_group_theory,
Eleocharis_dulcis,china
Elephant,
Elephant_bird,madagascar
Elephant_shrew,
Elfin-woods_Warbler,puerto rico
Elias_Ashmole,
Eliminative_materialism,
Elizabethan_Poor_Law_%281601%29,
Elizabeth_Fry,
Elizabeth_II_of_the_United_Kingdom,united kingdom
Elizabeth_I_of_England,
Elvis_Presley,
El_Aai%C3%BAn,morocco
El_Hatillo_Municipality%2C_Miranda,venezuela
El_Lissitzky,russia
El_Ni%C3%B1o-Southern_Oscillation,peru
El_Salvador,el salvador
Emacs,
Emanuel_Swedenborg,sweden
EMD_BL2,united states
EMD_F7,united states
EMD_GP30,united states
Emirate,united arab emirates
Emma_Roberts,united states
Emotion,
Emperor_Penguin,
Empires__Dawn_of_the_Modern_World,
Empiricism,
Employment,
Emu,australia
Enceladus_%28moon%29,
Encyclop%C3%A6dia_Britannica,united states
Endoscopic_foreign_body_retrieval,
Energy,
Engineering,
England,
England_expects_that_every_man_will_do_his_duty,united kingdom
English_Channel,france
English_language,
English_monarchs_family_tree,united kingdom
English_peasants%27_revolt_of_1381,
English_poetry,
English_Reformation,
Enigma_machine,germany
Entropy,
Environmental_science,
Enzyme_kinetics,
Eocene,
Epaminondas,greece
Epazote,mexico
Epic_of_Gilgamesh,
Episcopal_polity,
Equal_Protection_Clause,united states
Equatorial_Guinea,
Erbium,
Eric_Clapton,
Erie_Canal,united states
Eris_%28dwarf_planet%29,
Eritrea,eritrea
Ernest_Hemingway,united states
Ernest_Rutherford,new zealand
Eruption_column,philippines
Erwin_Rommel,germany
Eskimo,canada
Esox,
Esperanto,poland
Essential_oil,
Estonia,estonia
Ethanol,
Ethics,
Ethiopia,ethiopia
Ethiopian_Wolf,ethiopia
Ethnic_group,china
Euclid,greece
Euclidean_geometry,greece
Eukaryote,
Euphrates,iraq
Eurasian_Bullfinch,
Eurasian_Collared_Dove,
Eurasian_Eagle_Owl,
Eurasian_Jay,
Eurasian_Oystercatcher,
Euro,
Europe,
European_Goldfinch,
European_Greenfinch,
European_Kingfisher,
European_Parliament,belgium
European_Space_Agency,france
European_Union,
Europium,france
Eurovision_Song_Contest,switzerland
Euston_Manifesto,united kingdom
Eustreptospondylus,
Evanton,
Evan_Rachel_Wood,united states
Eva_Per%C3%B3n,argentina
Evolution,
Evolutionarily_stable_strategy,
Existentialism,
Exploration_of_Mars,
Explorer_I,
Expressionism,germany
Extinction,
Extinct_birds,australia
Extrasolar_planet,
Extraterrestrial_life,
Eye,
Eyelid,
Eye_%28cyclone%29,
Ezra_Pound,united states
F-35_Lightning_II,united states
F-4_Phantom_II,united states
FairTax,united states
Fair_Isle,
Falcon,
Falkirk_Wheel,
Falkland_Islands,falkland islands
Family,burkina faso
Famine,china
Fanny_Blankers-Koen,netherlands
Faroe_Islands,
Fascism,italy
Fashion,
Fatty_acid,
Fauna_of_Australia,australia
Feather,
Federal_Bureau_of_Investigation,united states
Federated_States_of_Micronesia,micronesia
Fedora_Core,
Fed_Cup,
Feldspar,united states
Felice_Beato,italy
Felix_Mendelssohn,germany
Felix_the_Cat,australia
Fencing,germany
Fennel,
Ferdinandea,italy
Ferdinand_Magellan,portugal
Fermium,
Fermi_paradox,
Fern,
Fertile_Crescent,iraq
Fertilizer,
Fetal_alcohol_spectrum_disorder,united states
Ffestiniog_Railway,
Fiberglass,
Fiction,
Fidel_Castro,cuba
Fieldfare,
FIFA,switzerland
FIFA_World_Cup,germany
Fiji,fiji
Film,united states
Final_Fantasy_%28video_game%29,japan
Final_Fantasy_Adventure,japan
Finance,
Financial_statements,
Fine_art,
Finland,finland
Fire,
Firearm,
Firecrest,
Firefly_%28TV_series%29,united states
First_Council_of_Nicaea,turkey
First_Crusade,france
First_Macedonian_War,
First_Transcontinental_Railroad,united states
Fish,india
Fishing,india
Flag_of_Australia,australia
Flag_of_Belarus,belarus
Flag_of_Hong_Kong,
Flag_of_India,india
Flag_of_Mexico,mexico
Flag_of_South_Africa,south africa
Flag_of_the_Republic_of_China,china
Flamingo,
Flanders,belgium
Flat_Earth,
Flemish_%28linguistics%29,belgium
Flemish_dialects,belgium
Flemish_people,belgium
Flood,
Floppy_disk,
Florence_Nightingale,
Florida,united states
Florida_East_Coast_Railway,united states
Floris_and_Blancheflour,
Flower,
Floyd_Mayweather_Jr.,united states
Fluorine,
Flute,germany
FM_Consolidated_line,
Foie_gras,france
Folic_acid,
Folklore,
Folk_music,
Food,
Football,
Football_%28soccer%29,
Force,
Forensic_facial_reconstruction,united states
Forest,
Formic_acid,
Formula_One,
Forrest_Gump,united states
Forth,
Forth_Bridge_%28railway%29,
Forth_Road_Bridge,
Fort_de_Chartres,
Fossil,bolivia
Fossil_fuel,united states
Fossil_record,
Fourteenth_Amendment_to_the_United_States_Constitution,united states
Fox,
Fr%C3%A9d%C3%A9ric_Chopin,poland
Fractal,
France,france
Frances_Oldham_Kelsey,
France_in_the_American_Revolutionary_War,france
Francisco_Goya,spain
Francis_Bacon,
Francis_Crick,
Francis_Drake,
Francis_of_Assisi,italy
Francis_Petre,new zealand
Francium,france
Frankenstein,
Frankfurt,germany
Franklin_B._Gowen,united states
Franklin_D._Roosevelt,
Franklin_Pierce,
Franks,france
Frank_Lloyd_Wright,united states
Franz_Kafka,
Franz_Schubert,austria
Frederick_Douglass,united states
Frederick_Hamilton-Temple-Blackwood%2C_1st_Marquess_of_Dufferin_and_Ava,
Frederick_II%2C_Holy_Roman_Emperor,italy
Frederick_II_of_Prussia,russia
Freetown,sierra leone
French_Guiana,france
French_language,france
French_Open_%28tennis%29,france
French_Polynesia,french polynesia
French_Revolution,france
French_Southern_and_Antarctic_Lands,
Fresh_water,
Friedrich_Nietzsche,germany
Friend_Directdebit,united kingdom
Frog,australia
Fruit,spain
Fugu,japan
Full_moon,
Funchal,portugal
Functional_programming,
Fundamental_Rights_in_India,india
Fundamental_theorem_of_arithmetic,
Fungus,
Fur_language,sudan
Fusarium,
Fyodor_Dostoevsky,russia
Gabon,gabon
Gaborone,botswana
Gadolinium,
Gal%C3%A1pagos_Islands,ecuador
Galah,australia
Galaxy,
Galeras,colombia
Galerina,
Galileo_Galilei,italy
Gallery_of_the_Kings_and_Queens_of_England,
Gallimimus,mongolia
Gallium,france
Galveston_Hurricane_of_1900,united states
Game,
Game_theory,
Ganesha,india
Ganges_River,india
Ganges_shark,india
Gangtok,india
Garage_%28dance_music%29,united kingdom
Garden,italy
Gardening,
Garden_Gnome_Liberation_Front,italy
Gas,united states
Gas_giant,
Gas_metal_arc_welding,united states
Gas_tungsten_arc_welding,
Gas_turbine-electric_locomotive,united states
Gaur,india
Gauss%27s_law,germany
Gautama_Buddha,
Gaza_Strip,
Gazelle,
GDRT,ethiopia
Gender,
Genealogy,
General_Pershing_Zephyr,united states
Genetics,
Genetic_code,
Geneva,switzerland
Genghis_Khan,mongolia
Genoa,italy
Gentoo_penguin,
Geography,india
Geography_of_Africa,
Geography_of_India,india
Geography_of_Ireland,ireland
Geography_of_Texas,united states
Geology,
Geology_of_Dorset,
Geology_of_the_Grand_Canyon_area,united states
Geometry,
Georgetown%2C_Guyana,guyana
George_Byron%2C_6th_Baron_Byron,
George_Eliot,
George_Fox,
George_H._W._Bush,
George_Herbert,
George_III_of_the_United_Kingdom,united kingdom
George_II_of_Great_Britain,
George_IV_of_the_United_Kingdom,united kingdom
George_I_of_Great_Britain,
George_Thomas_Coker,united states
George_VI_of_the_United_Kingdom,united kingdom
George_V_of_the_United_Kingdom,united kingdom
George_W._Bush,
George_Washington,
Georgia_%28country%29,georgia
Georg_Cantor,germany
Georg_Forster,germany
Georg_von_Boeselager,germany
Gerald_Durrell,jersey
Gerald_Ford,
Germanium,germany
Germany,germany
German_Crusade%2C_1096,germany
German_language,germany
German_reunification,germany
Gettysburg_Address,united states
Ghana,ghana
Ghost_Dance,
Giant%27s_Causeway,ireland
Giant_Eland,
Giant_Hogweed,
Giant_Panda,china
Gibraltar,gibraltar
Giganotosaurus,argentina
Gilles_Villeneuve,canada
Giraffe,
Giuseppe_Verdi,italy
Giza_pyramid_complex,egypt
Glacier,switzerland
Glacier_National_Park_%28US%29,
Glaciology,switzerland
Glasgow,
Glass,
Glasses,italy
Glastonbury_Festival,
GlaxoSmithKline,united kingdom
Gliding,germany
Gliese_876,
Gliese_876_b,
Gliese_876_c,
Gliese_876_d,
Global,
Globalization,
Global_city,united kingdom
Global_spread_of_H5N1,china
Global_warming,
Globe_Theatre,
Globular_cluster,
Glorious_Revolution,
Glynn_Lunney,united states
Gmail,united states
GNOME,
GNU,
GNU_Linux_naming_controversy,
GNU_Project,
Goa,india
God,israel
Gold%28III%29_chloride,
Gold,
Goldcrest,luxembourg
Golden_Eagle,
Golden_Gate_Highlands_National_Park,south africa
Goldfish,china
Gold_standard,united kingdom
Goleta%2C_California,united states
Gone_with_the_Wind_%28film%29,united states
Google,united states
Goose,
Gordon_Brown,united kingdom
Gordon_Griffith,united states
Gorilla,uganda
Gossypium,
Gothenburg,sweden
Gottfried_Leibniz,germany
Government,france
Government_of_France,france
Gowanus_Canal,
Go_%28board_game%29,
Grand_Canal_of_China,china
Grand_Canyon,united states
Grand_Central_Station_%28Chicago%29,united states
Grand_Central_Terminal,united states
Grand_Forks%2C_North_Dakota,
Grand_Slam_%28tennis%29,australia
Grange_Hill,united kingdom
Granite,united states
Graniteville_train_disaster,united states
Grape_seed_oil,italy
Graphic_novel,
Gravitation,
Gray_reef_shark,
Gray_Wolf,
Grease_%28film%29,united states
Greater_Cane_Rat,
Great_Auk,
Great_Barrier_Reef,australia
Great_Black-backed_Gull,
Great_Britain,
Great_Bustard,hungary
Great_comet,
Great_Comet_of_1882,
Great_Cormorant,
Great_Crested_Grebe,
Great_hammerhead,
Great_Lakes,united states
Great_Lakes_Storm_of_1913,united states
Great_Moravia,
Great_Pyramid_of_Giza,egypt
Great_Red_Spot,
Great_Rift_Valley,mozambique
Great_Salt_Lake,
Great_Spotted_Woodpecker,
Great_Tit,
Great_Wall_of_China,china
Great_white_shark,south africa
Great_Yarmouth,
Greco-Buddhism,afghanistan
Greece,greece
Greek_mythology,greece
Greek_War_of_Independence,greece
Greenhouse_effect,
Greenland,denmark
Green_Woodpecker,
Gregorian_chant,finland
Gregor_Mendel,
Greg_LeMond,united states
Gremlins,
Grenada,grenada
Grevy%27s_Zebra,
Group_%28mathematics%29,
Grover_Cleveland,
Guadeloupe,guadeloupe
Guam,guam
Guangzhou,china
Guatemala,guatemala
Guernsey,guernsey
Guglielmo_Marconi,italy
Guild,india
Guinea-Bissau,
Guinea,
Guinness,ireland
Guitar,italy
Gulf_of_Mexico,mexico
Gull,
Gunpowder,china
Guqin,china
Gustavus_Franklin_Swift,united states
Gustav_Holst,
Guyana,guyana
Gyeongju,south korea
Gypsum,australia
H%C3%A4nsel_und_Gretel,germany
H.D.,united states
H5N1,china
Habsburg_Spain,spain
Hadrian%27s_Wall,
Haemophilia,
Hafnium,denmark
Haiti,haiti
Haji_Mohammad_Suharto,indonesia
Halfbeak,
Halloween,ireland
Hamburg,germany
Hamilton-Burr_duel,united states
Hammurabi,
Hampshire,
Hampstead_Heath,united kingdom
Hannibal_Barca,
Hanoi,vietnam
Haraldsk%C3%A6r_Woman,denmark
Harald_Maddadsson,
Harare,zimbabwe
Hardball_squash,canada
Harlem_Globetrotters,united states
Harley-Davidson,united states
Harold_Macmillan,united kingdom
Harold_Wilson,united kingdom
Harrier_Hawk,
Harry_Potter,
Harry_S._Truman,
Harvest,germany
Hasekura_Tsunenaga,japan
Hassium,germany
Hatshepsut,egypt
Hawaiian_Goose,
Hawfinch,
Hawk-Eye,
Hawk,
Hawking_radiation,
HD_209458_b,
HD_217107,
HD_217107_b,
HD_217107_c,
HD_28185,
HD_28185_b,
Health,
Heard_Island_and_McDonald_Islands,australia
Heat,united kingdom
Hebrew_calendar,israel
Hebrew_language,israel
Hebrides,
Heilbronn,germany
Helen,greece
Helen_Gandy,united states
Helicobacter_pylori,
Heliocentrism,
Helium,
Hellenistic_Greece,greece
Hello_Garci_scandal,philippines
Helmeted_Guineafowl,
Helsinki,finland
Henipavirus,australia
Henrik_Ibsen,norway
Henri_Matisse,france
Henry_David_Thoreau,united states
Henry_Fonda,united states
Henry_Ford,united states
Henry_H._Rogers,united states
Henry_III_of_England,
Henry_II_of_England,
Henry_IV_of_England,
Henry_I_of_England,
Henry_James,united states
Henry_Moore,united kingdom
Henry_Morrison_Flagler,
Henry_Morton_Stanley,
Henry_Purcell,
Henry_Rollins,
Henry_VIII_of_England,
Henry_VII_of_England,
Henry_VI_of_England,
Henry_V_of_England,
Henry_Wood_%28conductor%29,united kingdom
Hepatocellular_carcinoma,china
Hepatorenal_syndrome,
Heracles,greece
Heraclius,
Heraldry,germany
Herbert_Hoover,
Herbig-Haro_object,
Herbivore,
Hermann_Maier,austria
Hern%C3%A1n_Cort%C3%A9s,spain
Herodotus,greece
Heron,
Hero_of_the_Russian_Federation,russia
Hero_of_Ukraine,ukraine
Herrerasaurus,argentina
Herring_Gull,
Hey_Jude,united kingdom
Hickman%27s_potentilla,united states
High_German_consonant_shift,germany
Hilda_of_Whitby,
Himalayas,nepal
Himno_Nacional_Mexicano,mexico
Hindi,india
Hinduism,india
Hippocrates,greece
Hippopotamus,zambia
Hip_hop_music,
Hirohito,japan
Hiroh_Kikai,japan
History,
History_of_Alaska,united states
History_of_Anglo-Saxon_England,
History_of_Arizona,united states
History_of_Buddhism,
History_of_Burnside,australia
History_of_Cape_Colony_from_1806_to_1870,south africa
History_of_Cape_Colony_from_1870_to_1899,south africa
History_of_Central_Asia,uzbekistan
History_of_computing_hardware,
History_of_democracy,india
History_of_Earth,
History_of_education,india
History_of_Greece,greece
History_of_Greenland,
History_of_Limerick,ireland
History_of_Louisville%2C_Kentucky,
History_of_merit_badges_%28Boy_Scouts_of_America%29,united states
History_of_Miami%2C_Florida,united states
History_of_New_Jersey,united states
History_of_Northwest_Territories_capital_cities,canada
History_of_nuclear_weapons,united states
History_of_painting,
History_of_Poland_%281945%E2%80%931989%29,poland
History_of_Portugal_%281777%E2%80%931834%29,portugal
History_of_post-Soviet_Russia,russia
History_of_Puerto_Rico,puerto rico
History_of_Russia,russia
History_of_saffron,greece
History_of_science,
History_of_Singapore,singapore
History_of_slavery,
History_of_Solidarity,poland
History_of_South_Africa,south africa
History_of_South_Africa_in_the_apartheid_era,south africa
History_of_South_Carolina,united states
History_of_the_Australian_Capital_Territory,australia
History_of_the_Grand_Canyon_area,united states
History_of_the_Internet,
History_of_the_Netherlands,netherlands
History_of_the_Panama_Canal,panama
History_of_the_Portuguese_Communist_Party,portugal
History_of_the_Royal_Australian_Navy,australia
History_of_the_West_Indian_cricket_team,
History_of_the_world,
History_of_Wikipedia,united states
HIV,
HIV_AIDS_in_Africa,
HMS_E18,
Holkham_Hall,
Hollandic,netherlands
Holmium,
Holy_Roman_Empire,germany
Homer,greece
Homestar_Runner,united states
Homo_floresiensis,indonesia
Honduras,honduras
Honey,
Honey_bee,
Hong_Kong,
Hoover_Dam,united states
Hopman_Cup,australia
Horatio_Nelson%2C_1st_Viscount_Nelson,united kingdom
Horn_of_Africa,ethiopia
Horse,
Hot_air_balloon,france
House,united states
Household_income_in_the_United_States,united states
House_Martin,
House_of_Lords,united kingdom
House_Sparrow,
Houston%2C_Texas,united states
Hovercraft,united kingdom
Howards_End,united kingdom
Howland_Island,united states
Ho_Chi_Minh,vietnam
Ho_Chi_Minh_City,vietnam
Hrafnkels_saga,iceland
HSBC,united kingdom
HTTP_cookie,united states
Hubbard_Glacier,canada
Hubble%27s_law,
Hubble_Deep_Field,
Hubble_Space_Telescope,united states
Hudson_Bay,canada
Hugo_Wolf,austria
Human,
Humanism,
Humanities,
Human_abdomen,
Human_dignity,
Human_rights,
Humbert_Roque_Versace,united states
Humour,
Humpback_Whale,
Humphry_Davy,united kingdom
Humus,
Hundred_Years%27_War,france
Hungary,hungary
Hunger,
Huntington%27s_disease,united states
Hurricane_Alex_%282004%29,united states
Hurricane_Andrew,united states
Hurricane_Camille,united states
Hurricane_Charley,united states
Hurricane_Danny_%281997%29,united states
Hurricane_David,
Hurricane_Dennis,united states
Hurricane_Edouard_%281996%29,united states
Hurricane_Epsilon_%282005%29,united states
Hurricane_Felix_%281995%29,united states
Hurricane_Floyd,united states
Hurricane_Georges,
Hurricane_Gloria,united states
Hurricane_Ivan,united states
Hurricane_John_%281994%29,united states
Hurricane_John_%282006%29,mexico
Hurricane_Katrina,united states
Hurricane_Lenny,
Hurricane_Marty_%282003%29,mexico
Hurricane_Mitch,honduras
Hurricane_Philippe_%282005%29,
Hurricane_Vince_%282005%29,spain
Husein_Grada%C5%A1%C4%8Devi%C4%87,
Hutu,rwanda
Hyde_Park%2C_London,united kingdom
Hydrochloric_acid,
Hydrogen,
Hydrogen_peroxide,
Hydrology,
Hyena,
Hymenoptera,
Hypsilophodon,
H_II_region,
Ibn_Battuta,morocco
Ice,greenland
Iceland,iceland
Iceland_hotspot,iceland
Ice_age,
Ice_hockey,canada
Ice_sheet,greenland
Ichthyosaur,
Idit_Harel_Caperton,israel
Idolatry,
Igneous_rock,
Igor_Stravinsky,russia
Iguanodon,
IG_Farben_Building,germany
Ike_Altgens,united states
Imagism,
Immanuel_Kant,germany
Imperative_programming,
Imperial_Japanese_Navy,japan
Impressionism,france
Inca_Empire,peru
Income_disparity,malaysia
India,india
Indian_cricket_team,
Indian_independence_movement,india
Indian_Institutes_of_Technology,india
Indian_Ocean,indonesia
Indian_Peafowl,india
Indian_Railways,india
Indian_Standard_Time,india
Indira_Gandhi,india
Indium,
Indo-Greek_Kingdom,
Indonesia,indonesia
Indonesian_language,indonesia
Indricotherium,
Inductance,
Industrial_Revolution,
Industry,
Indus_River,pakistan
Indus_Valley_Civilization,pakistan
Information,
Infrastructure,
Inner_Hebrides,
Insect,
Insulin,
Integrated_circuit,
Intelligence,
Intel_Corporation,united states
InterBase,united states
International_Court_of_Justice,united kingdom
International_English,united kingdom
International_human_rights_instruments,
International_law,
International_Red_Cross_and_Red_Crescent_Movement,switzerland
International_Space_Station,united states
Internet,
Internet_Explorer,united states
Interpol,france
Introduction_to_special_relativity,
Invasion,grenada
Invasion_of_Grenada,grenada
Invasive_species,
Invertebrate,
Investment_banking,united states
Iodine,
Iowa_class_battleship,united states
IPod,united states
Ipswich,
Iran,iran
Iranian_peoples,iran
Iraq,iraq
Iraq_and_weapons_of_mass_destruction,iraq
Iraq_War,iraq
Ireland,ireland
Ireland_King_of_Arms,ireland
Iridium,
Irish_people,ireland
Irish_poetry,ireland
Irish_Sea,ireland
Irish_theatre,ireland
Iron%28III%29_chloride,
Iron,
Iron_Age,united kingdom
Iron_Maiden,
Iron_Mike,united states
Irrigation,india
Isaac,
Isaac_Asimov,
Isaac_Brock,canada
Isaac_Newton,
Isambard_Kingdom_Brunel,
Isan,thailand
Ishango_bone,
Isis,egypt
Islam,iran
Islamic_republic,iran
Island_Fox,united states
Isles_of_Scilly,
Isle_of_Man,isle of man
Isle_of_Wight,
Isospin,
Israel,israel
Issyk_Kul,kyrgyzstan
Istanbul,turkey
Italian_Renaissance,italy
Italian_War_of_1521,italy
Italo_disco,italy
Italy,italy
ITunes,united states
Ivan_IV_of_Russia,russia
Ivory-billed_Woodpecker,united states
Ivory,
I_Ching,china
I_Want_to_Hold_Your_Hand,united kingdom
J%C3%B3rv%C3%ADk,
J%C3%B3zef_Pi%C5%82sudski,poland
J._J._Thomson,
J._K._Rowling,
J._M._W._Turner,united kingdom
J._R._R._Tolkien,
J._S._Fry_%26_Sons,
Jackal,
Jackanory,united kingdom
Jackdaw,
Jackie_Robinson,united states
Jack_Kerouac,united states
Jacobite_rising,
Jacob_Riis,denmark
Jacques-Louis_David,france
Jacques_Cartier,canada
Jakarta,indonesia
Jake_Gyllenhaal,united states
Jamaica,jamaica
James_Bond,united kingdom
James_Buchanan,
James_Callaghan,united kingdom
James_Clerk_Maxwell,
James_Cook,
James_D._Watson,united states
James_Garfield,
James_II_of_England,
James_I_of_England,
James_Joyce,ireland
James_K._Polk,
James_Lovelock,united kingdom
James_Monroe,
James_Stewart_%28actor%29,
James_T._Aubrey%2C_Jr.,united states
James_Watt,
Jane_Austen,
Jane_Eyre,
Jane_Fonda,united states
Jan_Mayen,norway
Japan,japan
Japanese_grammar,japan
Japanese_war_crimes,japan
Japanese_yen,japan
Jarvis_Island,united states
Jaws_%28film%29,united states
Jazz,united states
Jean-Jacques_Rousseau,france
Jean_Charles_de_Menezes,brazil
Jehovah,
Jerry_Fodor,united states
Jersey,jersey
Jersey_Zoological_Park,jersey
Jerusalem,israel
Jesse_Owens,united states
Jesus,
Jet_engine,
Jet_Set_Willy,
Jew,united kingdom
Jewellery,
Jiaogulan,china
Jimmy_Carter,
Jimmy_Wales,
Joan_of_Arc,france
Jocelin,
Joel_Brand,hungary
Johannesburg,south africa
Johannes_Gutenberg,germany
Johannes_Kepler,germany
Johannes_Ockeghem,
Johann_Pachelbel,germany
Johann_Sebastian_Bach,germany
Johann_Wolfgang_Goethe,germany
Johnny_Appleseed,united states
Johnston_Atoll,united states
John_A.T._Robinson,
John_Adams,
John_Bull_%28locomotive%29,
John_Cabot,italy
John_Calvin,france
John_Constable,
John_Dee,
John_F._Kennedy,united states
John_F._Kennedy_assassination,united states
John_Flamsteed,
John_Henninger_Reagan,united states
John_Howard,australia
John_Locke,
John_Logie_Baird,
John_Marshall,united states
John_Maynard_Keynes,united kingdom
John_McEnroe,united states
John_Millington_Synge,ireland
John_Milton,
John_of_England,
John_Pershing,united states
John_Seigenthaler%2C_Sr.,united states
John_Sentamu,uganda
John_Tyler,
John_Vanbrugh,
John_von_Neumann,
John_W._Campbell,united states
John_W._Johnston,united states
Jomsvikings,denmark
Jonah_Lomu,new zealand
Jonathan_Wild,
Jordan,jordan
Jordanhill_railway_station,
Jordan_River,israel
Jorge_Luis_Borges,argentina
Josephus,
Joseph_and_the_Amazing_Technicolor_Dreamcoat,united kingdom
Joseph_Haydn,austria
Joseph_Stalin,georgia
Juan_Sebasti%C3%A1n_Elcano,spain
Judaism,israel
Juice,
Julius_and_Ethel_Rosenberg,united states
Julius_Caesar,
July_2006_Java_earthquake,indonesia
Jump_rope,
Juniper_berry,
Jupiter,
Jupiter_%28mythology%29,
Jurassic,
Juvenile_delinquency,united states
Jyllands-Posten_Muhammad_cartoons_controversy,denmark
K%C4%ABlauea,
Kaffir_lime,
Kakapo,new zealand
Kakariki,new zealand
Kangaroo,australia
Kansas_City%2C_Missouri,united states
Karachi,pakistan
Kargil_War,india
Karikkoselk%C3%A4,finland
Karl_Benz,germany
Karl_Marx,germany
Karl_Popper,austria
Kashmir_region,pakistan
Katana,japan
Katyn_massacre,
Kazakhstan,kazakhstan
Keira_Knightley,
Kenya,kenya
Kerala,india
Kestrel,
Keurusselk%C3%A4,finland
Kevin_Spacey,united states
Khan_Wali_Khan,pakistan
Khartoum,sudan
Khazars,russia
Khudai_Khidmatgar,
Kidnapped_%28novel%29,
Kiev,ukraine
Kigali,rwanda
Kigo,japan
Kingman_Reef,united states
King_Arthur,united kingdom
King_Kong_%281933_film%29,united states
King_Kong_%282005_film%29,new zealand
Kipchaks_in_Georgia,georgia
Kiribati,kiribati
Kite_%28bird%29,
Kitsch,germany
Klinefelter%27s_syndrome,
Knights_of_Columbus,united states
Kochi_%28India%29,india
Kofi_Annan,ghana
Kohlberg%27s_stages_of_moral_development,
Kolkata,india
Konrad_Lorenz,austria
Kookaburra,australia
Korea,
Koryaksky,russia
Kosovo,serbia
Krag-J%C3%B8rgensen,norway
Krakatoa,indonesia
Krazy_Kat,united states
Krill,
Krypton,
Kuala_Lumpur,malaysia
Kubla_Khan,china
Kuiper_belt,
Kurt_Cobain,united states
Kuru_%28disease%29,
Kuwait,kuwait
Kuwait_City,kuwait
Ku_Klux_Klan,united states
Kylie_Minogue,australia
Kyoto_Protocol,japan
Kyrgyzstan,kyrgyzstan
L._S._Lowry,
Labor_Day_Hurricane_of_1935,united states
Ladysmith_Black_Mambazo,south africa
Lagos,
Laika,russia
Lake_Albert,uganda
Lake_Baikal,russia
Lake_Burley_Griffin,australia
Lake_Chad,chad
Lake_District,
Lake_Edward,uganda
Lake_Kariba,
Lake_Kivu,rwanda
Lake_Malawi,malawi
Lake_Mead,united states
Lake_Powell,united states
Lake_Superior,canada
Lake_Tahoe,
Lake_Tanganyika,
Lake_Titicaca,
Lake_Toba,indonesia
Lake_Turkana,kenya
Lake_Victoria,
Lake_Vostok,antarctica
Lance_Armstrong,united states
Lancia_Flaminia,italy
Landform,
Landscape,
Land_%28economics%29,
Language,
LANSA_Cuzco_Crash,peru
Lanthanum,
Laos,laos
Laozi,china
Last_Supper,italy
Las_Palmas_de_Gran_Canaria,spain
Las_Vegas%2C_Nevada,
Latin,vatican city
Latin_alphabet,italy
Latin_America,brazil
Latvia,latvia
Laurence_Olivier,
Laurent_Fignon,france
Lavender,
Law,
Lawn,united states
Lawrencium,united states
Laws_in_Wales_Acts_1535%E2%80%931542,
Layla,
La_Grande_Arm%C3%A9e,france
La_Paz,bolivia
Lead%28II%29_nitrate,
Lead,
League_of_Nations,france
Leaning_Tower_of_Pisa,italy
Lebanon,lebanon
Leeds,
Lego,denmark
Leicester,
Leif_Ericson,iceland
Leisure,
Lemon,united states
Lemon_balm,united states
Lemon_myrtle,australia
Lens_%28anatomy%29,
Leonardo_da_Vinci,italy
Leonhard_Euler,switzerland
Leon_Trotsky,mexico
Leo_%28constellation%29,
Leo_Tolstoy,russia
Lerwick,
Lesotho,lesotho
Lesothosaurus,lesotho
Lettuce,
Levee_failures_in_Greater_New_Orleans%2C_2005,united states
Lhasa,china
Liberalism,
Liberal_democracy,
Liberal_Democrats,united kingdom
Liberia,liberia
Libertarianism,united states
Library,france
Library_of_Alexandria,egypt
Library_of_Congress,united states
Libreville,gabon
Libya,libya
Liechtenstein,liechtenstein
Life,
Light,egypt
Lighthouse_of_Alexandria,egypt
Lighting_designer,
Lightning_rod,united states
Lille,france
Lilongwe,malawi
Lima,peru
Limerick,ireland
Lincoln_%28automobile%29,
Lincoln_Town_Car,united states
Lindisfarne_Gospels,
Linear_algebra,germany
Linguistics,
Link_%28The_Legend_of_Zelda%29,japan
Linnet,
Linus_Pauling,
Linus_Torvalds,finland
Linux,
Lion,south africa
Lipid,
Liquid_crystal,
Lisbon,portugal
List_of_African_countries,
List_of_animal_welfare_groups,
List_of_Archbishops_of_Canterbury,
List_of_areas_in_the_National_Park_System_of_the_United_States,united states
List_of_Asian_countries,
List_of_Canadian_provinces_and_territories_by_area,canada
List_of_circulating_currencies,afghanistan
List_of_countries,
List_of_countries_by_system_of_government,
List_of_elements_by_name,
List_of_essential_oils,india
List_of_European_countries,
List_of_European_Union_member_states_by_accession,
List_of_French_monarchs,france
List_of_lakes,
List_of_members_of_the_Commonwealth_of_Nations_by_date_joined,
List_of_minerals,
List_of_monarchs_in_the_British_Isles,united kingdom
List_of_North_American_countries,canada
List_of_Oceanian_countries,australia
List_of_particles,
List_of_popes,italy
List_of_Prime_Ministers_of_the_United_Kingdom,united kingdom
List_of_rivers_by_length,egypt
List_of_South_American_countries,
List_of_sovereign_states,afghanistan
List_of_Test_cricket_triple_centuries,australia
List_of_U.S._states_by_date_of_statehood,united states
List_of_universities_in_the_United_Kingdom,united kingdom
List_of_vegetable_oils,
List_of_world%27s_largest_lakes,russia
Literacy,india
Literature,
Lithium,
Lithium_aluminium_hydride,
Lithuania,lithuania
Little_Women,united states
Liverpool,
Liverpool_and_Manchester_Railway,
Liverpool_F.C.,
Llandudno,
Llywelyn_the_Great,
Local_community,
Local_government_in_the_United_Kingdom,united kingdom
Loch,
Loch_Ness,
Logba_language,ghana
Logic,
Logistics,united states
Lom%C3%A9,togo
London,united kingdom
London_Bridge,
London_sewerage_system,united kingdom
London_Underground,united kingdom
London_Zoo,
Lone_Wolf_%28gamebooks%29,italy
Long-billed_Vulture,india
Long-tailed_Tit,
Longship,norway
Long_pepper,
Looney_Tunes,united states
Lope_de_Barrientos,spain
Lord%27s_Resistance_Army,uganda
Lord_Voldemort,
Lost_%28TV_series%29,united states
Los_Angeles%2C_California,united states
Lothal,india
Lottie_Dod,
Louisville%2C_Kentucky,united states
Louis_Armstrong,
Louis_Freeh,united states
Louis_Jordan,united states
Louis_Pasteur,france
Louis_XIV_of_France,france
Lovage,
Love,
Lucy%2C_Lady_Duff-Gordon,
Ludwig_van_Beethoven,germany
Ludwig_Wittgenstein,austria
Luftwaffe,germany
Luminiferous_aether,
Lunar_eclipse,
Lung_cancer,
Lusaka,zambia
Lutetium,france
Luxembourg,luxembourg
Luxembourg_%28city%29,luxembourg
Lyme_disease,united states
Lyndon_B._Johnson,
Lynton_and_Barnstaple_Railway,
Lyon,france
M%2AA%2AS%2AH_%28TV_series%29,united states
M-10001,united states
M-10003-6,united states
M1_motorway,
M25_motorway,united kingdom
M6_motorway,
Macau,china
Macbeth,
Macbeth_of_Scotland,
Macedon,
Machu_Picchu,peru
Macintosh,united states
Mackenzie_River,canada
Madagascar,madagascar
Madama_Butterfly,japan
Madrid,spain
Magdalena_Abakanowicz,poland
Magellanic_Penguin,argentina
Maghreb,morocco
Magic__The_Gathering,
Maglev_train,germany
Magma,
Magna_Carta,
Magnesium,
Magnet,
Magnetism,china
Magpie,
Mahabharata,india
Mahatma_Gandhi,india
Mahjong,china
Mahmoud_Abbas,
Maiasaura,
Maize,
Makuria,sudan
Malaria,
Malaspina_Glacier,
Malawi,malawi
Malaysia,malaysia
Malcolm_III_of_Scotland,
Malcolm_II_of_Scotland,
Malcolm_X,united states
Maldives,maldives
Mali,mali
Mallard,
Malta,malta
Malwa_%28Madhya_Pradesh%29,india
Mamenchisaurus,china
Mammal,
Mammoth,russia
Mammoth_Cave_National_Park,
Mancala,
Manchester,
Manchester_United_F.C.,
Mandan,
Manganese,south africa
Mango,india
Manifest_Destiny,united states
Manifold,
Manila,philippines
Manorialism,
Manuel_I_Komnenos,greece
Manufacturing,united states
Mao_Zedong,china
Maputo,mozambique
Map_projection,
Marcel_Lefebvre,france
Marcel_Proust,france
Marco_Polo,italy
Marcus_Allen,united states
Marc_Pugh,
Margaret_Sanger,united states
Margaret_Thatcher,united kingdom
Margate,
Marginated_Tortoise,greece
Margin_of_error,
Marie_Curie,poland
Mario,
Marjoram,
Market,
Markup_language,
Mark_Antony,
Mark_Twain,
Mark_Twain_House,
Mark_Webber,australia
Mars,
Marseille,france
Marshall_Islands,marshall islands
Marshall_Plan,united states
Mars_Exploration_Rover,
Mars_Reconnaissance_Orbiter,
Martello_tower,
Martina_Navratilova,united states
Martinique,martinique
Martin_Luther,
Martin_Luther_King%2C_Jr.,
Martin_Van_Buren,
Marvin_Gaye,
Marxism,germany
Mary_II_of_England,
Mary_I_of_England,
Mary_I_of_Scotland,
Mary_Kingsley,
Mary_Seacole,
Mary_Somerville,
Maseru,lesotho
Massospondylus,south africa
Mass_media,
Mass_Rapid_Transit_%28Singapore%29,singapore
Material_properties_of_diamond,
Mathematical_analysis,
Mathematics,
Matilda_of_Boulogne,
Matrix_%28mathematics%29,
Matsuo_Bash%C5%8D,japan
Matter,
Matthew_Brettingham,
Mauna_Loa,
Mauritania,mauritania
Mauritius,mauritius
Mausoleum_of_Maussollos,turkey
Mauthausen-Gusen_concentration_camp,austria
Maxwell%27s_equations,united kingdom
Max_Planck,germany
Max_Weber,germany
Maya_civilization,mexico
Maya_mythology,mexico
Mayotte,
Mbabane,
McFly_%28band%29,
Meander,turkey
Measles,
Measurement,
Meat,
Mecca,saudi arabia
Mechanical_work,
Medal_of_Honor,united states
Medicine,france
Medieval_commune,italy
Medieval_literature,
Medieval_music,
Mediterranean_Sea,italy
Mega_Man_X_%28character%29,japan
Meitnerium,germany
Mekong,vietnam
Melbourne,australia
Mendelevium,
Mendip_Hills,
Meningitis,
Menstrual_cycle,
Mentha,
Menthol,
Mercantilism,france
Mercia,
Mercury_%28element%29,
Mercury_%28planet%29,
Merrimack_River,
Merseburg_Incantations,germany
Mesopotamia,iraq
Mestizo,mexico
Metal,
Metallurgy,
Metamorphic_rock,estonia
Meteor,
Meteorological_history_of_Hurricane_Katrina,united states
Meteorology,
Meteor_shower,
Metric_expansion_of_space,
Mexico,mexico
Mexico_City,mexico
Miami%2C_Florida,united states
Michael_Faraday,
Michael_Jordan,united states
Michael_Ramsey,
Michael_Woodruff,australia
Michelangelo,italy
Michigan_State_University,united states
Mickey_Mantle,united states
Microraptor,china
Microscope,netherlands
Microsoft,united states
Microsoft_Windows,united states
Middle_Ages,
Middle_East,
Midway_Atoll,united states
Miguel_de_Cervantes,spain
Mikhail_Gorbachev,russia
Milan,italy
Miles_Davis,united states
Milgram_experiment,united states
Military_dictatorship,
Military_history_of_Canada,canada
Military_history_of_France,france
Military_history_of_Puerto_Rico,puerto rico
Military_history_of_the_Soviet_Union,russia
Milk,
Milkshake,united states
Milky_Way,
Milk_thistle,
Millard_Fillmore,
Milton_Keynes,
Mind,
Mineral,
Ming_Dynasty,china
Mini,united kingdom
Minimum_wage,
Mining,chile
MINI_%28BMW%29,united kingdom
Minmi_%28dinosaur%29,australia
Minneapolis%2C_Minnesota,united states
Minnesota,united states
Minoan_civilization,greece
Minstrel_show,united states
Miocene,
Mir,russia
Mirabilis_%28plant%29,
Miranda_Otto,australia
Mississippi_River,united states
Missouri_River,
Mistle_Thrush,
Mitochondrial_Eve,ethiopia
Mitochondrion,
Mixed-breed_dog,
Mixtape,
Modernist_poetry_in_English,
Modern_history,
Mogadishu,
Mohs_scale_of_mineral_hardness,germany
Moldova,moldova
Moldovans,moldova
Mole_%28animal%29,
Molybdenum,
Momentum,
Monaco,monaco
Monaco_Grand_Prix,monaco
Monarchies_in_the_European_Union,denmark
Monarchy,united kingdom
Monarda_didyma,united states
Mona_Lisa,france
Money,
Mongolia,mongolia
Mongol_Empire,mongolia
Mongol_invasion_of_Central_Asia,
Mongoose,
Monkey,
Monoclonius,canada
Monopoly_%28game%29,united kingdom
Monrovia,liberia
Montenegro,montenegro
Montevideo,uruguay
Montreal,canada
Montreal_Metro,canada
Montserrat,montserrat
Monty_Python,united kingdom
Moon,united states
Moon_landing,united states
Moore%27s_Law,united states
Moorgate,united kingdom
Moorhen,
Morecambe_and_Wise,united kingdom
Morecambe_Bay,
Moringa_oleifera,india
Mormon,united states
Mormon_Trail,
Morocco,morocco
Morphine,
Morris_dance,
Mosaic,italy
Moscow,russia
Mosque,saudi arabia
Moss,
Mother_Teresa,
Motion_%28physics%29,
Mountain_Gorilla,uganda
Mount_Baker,
Mount_Everest,nepal
Mount_Kilimanjaro,tanzania
Mount_Nyiragongo,
Mount_Osmond%2C_South_Australia,australia
Mount_Pinatubo,philippines
Mount_Rainier,
Mount_Rushmore,united states
Mount_St._Helens,united states
Mount_Unzen,japan
Mount_Vesuvius,italy
Mozambique,mozambique
Mozilla_Firefox,
Muhammad,pakistan
Muhammad_Ali,pakistan
Muhammad_Ali_Jinnah,pakistan
Muhammad_ibn_Musa_al-Khwarizmi,uzbekistan
Muhammad_Iqbal,pakistan
Multiculturalism,australia
Multiple_sclerosis,
Multiple_sequence_alignment,
Mumbai,india
Mummy,egypt
Munich,germany
Murray_River,australia
Muscat%2C_Oman,oman
Music,spain
Musical_instrument,
Music_of_Albania,albania
Music_of_Antigua_and_Barbuda,
Music_of_Barbados,barbados
Music_of_Dominica,dominica
Music_of_Hawaii,
Music_of_Hungary,hungary
Music_of_Ireland,ireland
Music_of_Italy,italy
Music_of_Martinique_and_Guadeloupe,martinique
Music_of_New_Zealand,new zealand
Music_of_Spain,spain
Music_of_Thailand,thailand
Music_of_the_Bahamas,bahamas
Music_of_the_Lesser_Antilles,
Music_of_the_trecento,italy
Music_of_the_United_States,united states
Music_of_Trinidad_and_Tobago,
Mustard_plant,
Mustard_seed,
Muttaburrasaurus,australia
Mu_Arae,
Myanmar,
Myco-heterotrophy,
Myers-Briggs_Type_Indicator,
Myocardial_infarction,
Mysticism,
Mythology,
Myxobolus_cerebralis,germany
Nadia_Com%C4%83neci,
Nagorno-Karabakh_War,
Nahuatl_language,mexico
Nairobi,kenya
Naked_Mole_Rat,
Names_of_God_in_Judaism,israel
Namibia,namibia
Nanomedicine,united states
Napoleonic_Wars,france
Napoleon_I_of_France,france
Napster,united states
Nashville%2C_Tennessee,
Nash_equilibrium,
Natalie_Portman,israel
Nathu_La,india
Nationalism,france
Nationality,
National_Anthem_of_Russia,russia
National_Gallery%2C_London,united kingdom
National_Hockey_League,canada
National_parks_of_England_and_Wales,
NATO,belgium
Natural_disaster,
Natural_gas,
Natural_selection,
Nature,australia
Nauru,nauru
Naval_Battle_of_Guadalcanal,solomon islands
Navassa_Island,united states
Nazism,germany
Nazi_Germany,germany
Necktie,
Negros_Oriental,philippines
Neighbours,australia
Neil_Armstrong,united states
Neil_Young,canada
Nelson_Mandela,south africa
Nematode,
Neoclassicism,
Neodymium,
Neon,
Nepal,nepal
Nepenthes_rajah,malaysia
Nephron,
Neptune,
Neptunium,
Netball,australia
Netherlands,netherlands
Netherlands_Antilles,netherlands
Neutron,
Newark%2C_New_Jersey,united states
Newcastle_upon_Tyne,
Newmarket,
Newshounds,united states
Newspaper,united states
Newsround,united kingdom
New_Caledonia,
New_Delhi,india
New_England_Patriots,
New_Forest,
New_moon,
New_York_City,united states
New_York_City_Subway_nomenclature,united states
New_Zealand,new zealand
Niagara_Falls,canada
Nicaragua,nicaragua
Niccol%C3%B2_dell%27Abbate,italy
Niccol%C3%B2_Machiavelli,italy
Niccol%C3%B2_Paganini,italy
Nickel,canada
Nicobar_Long-tailed_Macaque,
Nicolaus_Copernicus,poland
Niels_Bohr,denmark
Nigella,
Niger,niger
Nigeria,
Niger_River,
Nightingale,
Nikolai_Rimsky-Korsakov,russia
Nikola_Tesla,serbia
Nile,egypt
Nineteen_Eighty-Four,united kingdom
Nine_Million_Bicycles,
Nintendo,japan
Nintendo_DS,japan
Nintendo_Entertainment_System,japan
Niobium,
Nirvana_%28band%29,united states
Nitrification,
Nitrogen,
Nitrogen_cycle,
Nitrogen_fixation,
Niue,niue
Noam_Chomsky,united states
Nobelium,
Nobel_Peace_Prize,norway
Nobiin_language,egypt
Norfolk,
Norfolk_Island,australia
Norman_Borlaug,
Norman_conquest_of_England,
Norse_mythology,
Northern_Ireland,
Northern_Mariana_Islands,northern mariana islands
Northern_Pacific_Railway,united states
Northwest_Africa,algeria
North_Africa,algeria
North_America,canada
North_Atlantic_oscillation,iceland
North_Korea,north korea
North_Sea,netherlands
North_Sea_flood_of_1953,netherlands
North_Sea_oil,norway
Norway,norway
Norwich,
Nostradamus,france
Nottingham,
Nouakchott,mauritania
Novel,
Novelty_%28locomotive%29,united kingdom
Nuclear_fission,
Nuclear_power,united states
Nuclear_weapon,
Number,
Numismatics,
Nurse_sharks,
Nuthatch,
Nutmeg,indonesia
Nutrition,
Oasis_%28band%29,
Oat,
Obi-Wan_Kenobi,
Ocean,australia
Oceania,australia
Oceanography,
Odin,norway
Odysseus,greece
Odyssey,greece
Oenothera,
Ohm,
Oil_painting,italy
Oil_refinery,united states
Oil_reservoir,united states
Okapi,
Olaudah_Equiano,
Old_English_language,
Old_Nubian_language,egypt
Old_Swiss_Confederacy,switzerland
Oleg_of_Novgorod,russia
Oligarchy,
Oligocene,
Oliver_Cromwell,
Oliver_Twist,united kingdom
Olive_oil,greece
Ollanta_Humala,peru
Olmec,mexico
Olympic_Games,greece
Oman,oman
Omega-3_fatty_acid,
One_Flew_Over_the_Cuckoo%27s_Nest_%28novel%29,united states
One_Foot_in_the_Grave,
Onion,russia
Onion_dome,russia
OpenBSD,canada
OpenOffice.org,germany
Open_cluster,
Open_source,
Opera,italy
Oppression,
Optical_fiber,
Optical_microscope,netherlands
Optical_telescope,
Opuntia_imbricata,united states
Opus_Dei,spain
Orbit_%28anatomy%29,
Orca,norway
Order_of_Canada,canada
Order_of_St._Patrick,ireland
Order_of_the_Bath,united kingdom
Order_of_the_Garter,
Order_of_the_Thistle,
Ordinal_number,
Ordinary_differential_equation,
Ordination_of_women,
Ordovician,
Oregano,
Oregon,united states
Organism,
Organization,switzerland
Orion_Nebula,
Orkney,
Ormulum,
Ornithischia,
Oroonoko,suriname
Osaka,japan
Osama_bin_Laden,saudi arabia
Osiris,egypt
Oslo,norway
Osmium,russia
Osprey,
Osteomalacia,
Ostrich,
Oswald_of_Northumbria,
Ottawa,canada
Otter,
Ottoman_Empire,turkey
Otto_von_Bismarck,germany
Ouagadougou,burkina faso
Outer_Hebrides,
Overseas_Railroad,united states
Oviraptor,mongolia
Owl,
Oxbow_lake,china
Oxford,
Oxygen,
Oxyrhynchus,egypt
Ozone,
Ozone_depletion,
P%C3%B3voa_de_Varzim,portugal
Pablo_Picasso,spain
Pac-Man,japan
Pachycephalosaurus,
Pacific_Ocean,australia
Painting,france
Pakistan,pakistan
Palace_of_Westminster,
Palau,palau
Palazzo_Pitti,italy
Paleocene,
Paleontology,
Palestinian_territories,
Palio_di_Siena,italy
Pali_Canon,sri lanka
Palladian_architecture,italy
Palladium,russia
Palmyra_Atoll,united states
Palm_oil,
Panama,panama
Panama_Canal,panama
Pandanus,madagascar
Pan_Am_Flight_103,
Papal_conclave,italy
Paprika,hungary
Papua_New_Guinea,
Paraguay,paraguay
Parasaurolophus,
Paricut%C3%ADn,mexico
Paris,france
Park,united kingdom
Parliamentary_system,
Parliament_of_Canada,canada
Parliament_of_Malaysia,malaysia
Parliament_of_the_United_Kingdom,united kingdom
Parrot,
Parsley,
Parsnip,
Parthenon,greece
Pashtun_people,afghanistan
Passenger_Pigeon,
Patna,india
Pat_Cash,australia
Paul_C%C3%A9zanne,france
Paul_Dirac,united kingdom
Paul_Kane,canada
Paul_McCartney,
Paul_of_Tarsus,
Pea,
Peace,norway
Peaceful_coexistence,
Peafowl,india
Peak_District,
Peanut,
Pearl,
Pedagogy,
Pedro_del_Valle,
Pel%C3%A9,brazil
Pelagic_zone,
Pellagra,
Pelycosaur,
Penda_of_Mercia,
Penguin,
Pennine_Way,
Pennsylvania_Railroad,united states
Pentateuch,israel
People%27s_Republic_of_China,china
Peregrine_Falcon,
Pere_Marquette_1225,united states
Perfect_number,
Pericles,greece
Periodic_table,
Periodic_table_%28large_version%29,
Perl,australia
Permian,
Pernicious_anemia,
Persian_Empire,iran
Persian_Gulf,iran
Persian_literature,iran
Perth%2C_Western_Australia,australia
Peru,peru
Peterborough_Chronicle,
Peter_Grimes,
Peter_I_of_Russia,russia
Peter_Paul_Rubens,belgium
Pete_Sampras,united states
Petroleum,
Phase_%28matter%29,
Pheidippides,greece
Phenylketonuria,norway
Philadelphia,united states
Philately,
Philippines,philippines
Philip_II_of_Spain,spain
Philosophiae_Naturalis_Principia_Mathematica,
Philosophy,
Philosophy_of_mind,
Phineas_Gage,
Phishing,
Phla-Pher%C3%A1_languages,benin
Phoenix_%28spacecraft%29,united states
Phoenix_Zoo,
Phonograph_cylinder,united states
Phosphorus,
Phosphorus_tribromide,
Phosphorus_trichloride,
Phosphoryl_chloride,
Photography,
Photon,
Photosynthesis,
Photosynthetic_reaction_centre,
Photovoltaic_array,
Physical_paradox,
Physical_science,
Physics,
Pi,pitcairn islands
Piano,italy
Piccadilly_Circus,united kingdom
Picts,
Pied_Avocet,
Pig,
Pigeon,
Pigment,
Pikachu,japan
Pink_Pigeon,mauritius
Pinworm,
Pitcairn_Islands,
Plains_Zebra,
Planet,
Planetary_habitability,
Planetary_nebula,
Plant,
Plant_cell,
Plasma_%28physics%29,
Plateosaurus,germany
Plate_tectonics,iceland
Platinum,south africa
Plato,greece
Platypus,australia
Playing_card,
Pleiades_%28star_cluster%29,
Plesiosaur,
Pliocene,
Plover,
Plum,
Pluto,
Plutonium,
Plymouth,
Pneumonia,
Pochard,
Podcasting,
Poetry,china
Poetry_of_the_United_States,united states
Poison_gas_in_World_War_I,germany
Pok%C3%A9mon_Trading_Card_Game,japan
Poland,poland
Polar_coordinate_system,
Polar_ice_cap,antarctica
Police,
Police_state,
Polish%E2%80%93Muscovite_War_%281605%E2%80%931618%29,russia
Polish-Lithuanian_Commonwealth,poland
Polish-Muscovite_War_%281605%E2%80%931618%29,russia
Polish-Soviet_War,poland
Political_economy,
Political_integration_of_India,india
Political_philosophy,
Political_science,
Politics,
Politics_of_the_United_Kingdom,united kingdom
Pollinator,
Pollinator_decline,
Pollution,united states
Polonium,poland
Polymerase_chain_reaction,
Pompeii,italy
Pond,
PONG,united states
Pontiac%27s_Rebellion,
Pony,
Poor_Law,
Pope,germany
Pope_Benedict_XVI,germany
Pope_John_Paul_II,poland
Pope_Pius_XII,italy
Popular_culture,
Popular_culture_studies,
Population_history_of_American_indigenous_peoples,
Pop_Idol,united kingdom
Porgy_and_Bess,united states
Porto-Novo,benin
Portsmouth,
Portugal,portugal
Portuguese_Communist_Party,portugal
Portuguese_language,
Port_Louis,mauritius
Post-glacial_rebound,canada
Postage_stamp,united kingdom
Postman_Pat,united kingdom
Potassium,
Potassium_iodide,ireland
Potassium_nitrate,chile
Potato,
Pottery,
Poultry,
Pound_sterling,united kingdom
Poverty,indonesia
Prague,
Praia,cape verde
Praseodymium,australia
Pre-Raphaelite_Brotherhood,
Precambrian,
Prehistoric_man,
President_of_the_United_States,united states
Pretoria,south africa
Pride_and_Prejudice,united kingdom
Prime_Minister_of_the_United_Kingdom,united kingdom
Prime_number,
Primula,
Princeton_University,united states
Principality,monaco
Printmaking,japan
Prion,
Private_Peaceful,
Privy_Council_of_the_United_Kingdom,united kingdom
Probability_theory,
Programming_language,
Project_MKULTRA,
Project_Vanguard,united states
Promethium,
Propaganda,
Property,
Prospecting,
Prostate_cancer,united states
Protactinium,
Protein,
Protoceratops,mongolia
Proton,
Proxima_Centauri,
Pro_Milone,
PRR_GG1,united states
PRR_M1,united states
Psittacosaurus,china
PSR_B1620-26c,
Psychology,
Pterosaur,brazil
Ptolemy,egypt
Publishing,afghanistan
Puerto_Rico,puerto rico
Puffin,
Pumpkin,
Punctuated_equilibrium,
Pupil,
Pygmy_Hippopotamus,liberia
Pyongyang,north korea
Pyotr_Ilyich_Tchaikovsky,russia
Pyramid,egypt
Pyrite,
Pythagoras,greece
Pythagorean_theorem,
Python_%28programming_language%29,netherlands
Qatar,qatar
Qing_Dynasty,china
Qin_Dynasty,china
Qin_Shi_Huang,china
Quantity,
Quantum_chemistry,
Quantum_computer,
Quantum_mechanics,
Quark,
Quartz,
Quatermass_and_the_Pit,united kingdom
Queen_%28band%29,
Quetzalcoatl,mexico
Quito,ecuador
Qur%27an,
R%C3%A9union,france
Rabat,morocco
Rabbit,
Rabies,india
Rabindranath_Tagore,india
Race,
Radar,
Radhanite,france
Radio,
Radio_frequency,
Radio_telescope,russia
Radish,
Radium,
Radon,germany
Ragtime,united states
Railway_post_office,united states
Rail_transport,united states
Rail_transport_in_India,india
Rain,
Rainbow,canada
Rainforest,brazil
Rainhill_Trials,united kingdom
Raising_the_Flag_on_Iwo_Jima,united states
Ralph_Nader,united states
Rama,india
Ramayana,india
Ramesses_II,egypt
Ramsgate,
Raney_nickel,united states
Ran_%28film%29,japan
Raphael,italy
Rapping,united states
Raven,
Ray_of_Light,united states
Real_tennis,united kingdom
Rebecca_Helferich_Clarke,united kingdom
Recorder,
Recycling,
Redshift,
Redwing,
Redwood_National_and_State_Parks,united states
Red_dwarf,
Red_giant,
Red_Kite,
Red_Panda,china
Red_rain_in_Kerala,india
Red_Sea,egypt
Reed_Bunting,
Reed_Warbler,
Refining,
Refrigerator_car,united states
Regent%27s_Park,united kingdom
Reggae,jamaica
Reggaeton,puerto rico
Religion,
Religious_Society_of_Friends,
Rembrandt,netherlands
Ren%C3%A9_Descartes,france
Renaissance,italy
Renaissance_music,italy
Renminbi,china
Renormalization,
Reptile,
Republic_of_China,china
Republic_of_Ireland,ireland
Republic_of_Macedonia,
Republic_of_the_Congo,
RER,france
Restoration_comedy,
Restoration_literature,
Retina,
Retinol,
Retreat_of_glaciers_since_1850,tanzania
Revised_Standard_Version,united states
Revolution,
Reza_Shah,iran
Rhenium,
Rhine,switzerland
Rhode_Island,
Rhodium%28III%29_chloride,
Rhodium,south africa
Rhubarb,
Rhythm_and_blues,united states
Rice,united states
Richard_Feynman,
Richard_Francis_Burton,
Richard_III_%28play%29,
Richard_III_of_England,
Richard_II_of_England,
Richard_I_of_England,
Richard_Nixon,
Richard_O%27Connor,united kingdom
Richard_Stallman,united states
Richard_Wagner,germany
Richmond%2C_Virginia,united states
Riesling,germany
Right_whale,
Ringed_Plover,
Rio_de_Janeiro,brazil
Rio_Tinto_Group,united kingdom
River,pakistan
River_Severn,
River_Thames,
Riyadh,saudi arabia
RMS_Titanic,ireland
Roald_Amundsen,norway
Roan_Antelope,
Robert_Baden-Powell%2C_1st_Baron_Baden-Powell,kenya
Robert_Boyle,ireland
Robert_Gascoyne-Cecil%2C_3rd_Marquess_of_Salisbury,united kingdom
Robert_Oppenheimer,united states
Robert_Owen,
Robert_Peel,united kingdom
Robert_Schumann,germany
Robert_Stephenson,united kingdom
Robinson_Crusoe,
Roche_limit,
Rockall,united kingdom
Rocky_Mountains,
Rock_Bunting,
Rock_of_Gibraltar,gibraltar
Rock_Pigeon,
Rococo,
Roentgenium,germany
Romania,
Romanticism,
Roman_Britain,
Roman_Catholic_Church,italy
Roman_Empire,
Roman_Greece,greece
Roman_law,italy
Roman_mythology,italy
Roman_road,italy
Roman_villa,italy
Roman_Vishniac,russia
Rome,italy
Romeo_and_Juliet,italy
Romulus_Augustus,italy
Ronald_Reagan,
Rondane_National_Park,norway
Rook_%28bird%29,united kingdom
Rosa_Parks,
Rose-ringed_Parakeet,
Rosemary,
Rosetta_Stone,
ROT13,
Rotterdam,netherlands
Rowan_Williams,
Royal_Air_Force,united kingdom
Royal_Dutch_Shell,netherlands
Royal_Geographical_Society,united kingdom
Royal_Grammar_School_Worcester,
Royal_Marines,united kingdom
Royal_National_Theatre,
Royal_Navy,united kingdom
Royal_Parks_of_London,united kingdom
RSS_%28file_format%29,united states
Rubidium,
Rubik%27s_Cube,hungary
Rudolf_Vrba,slovakia
Rudyard_Kipling,united kingdom
Rugby_football,
Rugby_World_Cup,france
Rule_of_St_Benedict,
Rupee,india
Russia,russia
Russian_constitutional_crisis_of_1993,russia
Russian_language,russia
Russian_Revolution_of_1917,russia
Ruthenium,russia
Rutherfordium,
Rutherford_B._Hayes,
Rwanda,rwanda
Rwandan_Genocide,rwanda
S%C3%A3o_Paulo,brazil
S%C3%A3o_Tom%C3%A9,
S%C3%A3o_Tom%C3%A9_and_Pr%C3%ADncipe,
S%C3%B8ren_Kierkegaard,denmark
S-mine,germany
S._A._Andr%C3%A9e%27s_Arctic_balloon_expedition_of_1897,sweden
Safflower,
Saffron,india
Sahara,
Saint-Pierre_and_Miquelon,france
Saint_Helena,
Saint_Joan_%28play%29,ireland
Saint_Kitts_and_Nevis,
Saint_Lawrence_Seaway,canada
Saint_Lucia,
Saint_Petersburg,russia
Saint_Vincent_and_the_Grenadines,
Sakurajima,japan
Saladin,iraq
Salford,
Salsa_music,
Salt,argentina
Saltasaurus,argentina
Salt_Lake_City%2C_Utah,
Salvador_Dal%C3%AD,spain
Samantha_Smith,
Samarium,
Samoa,samoa
Samuel_Beckett,ireland
Samuel_Taylor_Coleridge,
Sand,
Sandringham_House,
Sandur,iceland
Sandy_Koufax,united states
Sand_art_and_play,united states
Sand_shark,
Sanskrit,india
Sanssouci,germany
Santamar%C3%ADa_%28volcano%29,guatemala
Santa_Claus,
Santiago%2C_Chile,chile
Santorini,greece
San_Diegan,united states
San_Diego_and_Arizona_Railway,united states
San_Diego_Electric_Railway,united states
San_Francisco%2C_California,united states
San_Francisco_garter_snake,united states
San_Jose%2C_California,united states
San_Marino,san marino
Sarajevo,
Sardar_Vallabhbhai_Patel,india
Sasha_%28DJ%29,united kingdom
Sassanid_Empire,iran
Saturn,
Saturn_V,
Saudi_Arabia,saudi arabia
Saurischia,
Sauropodomorpha,
Sauroposeidon,
Sauropsid,
Saxicola,
Saxophone,belgium
Scandium,
Scanian_%28linguistics%29,sweden
Scattered_disc,
Scelidosaurus,
Scent_of_a_Woman,
Schatzki_ring,
Scheme_programming_language,
Schizophrenia,
Schr%C3%B6dinger_equation,austria
Schuttern_Gospels,
Science,
Scientific_classification,
Scooby-Doo,united states
Scotch_College%2C_Perth,australia
Scotland,
Scotland_in_the_High_Middle_Ages,
Scots_language,
Scottish_Episcopal_Church,
Scottish_Gaelic_language,
Scottish_Highlands,
Scottish_mythology,
Scott_Special,united states
Scouting,united kingdom
Scramble_for_Africa,
Screw,united states
Scrooge_McDuck,
Sculpture,
Scurvy,
SD26,united states
Sea,jordan
Seaborgium,
Sean_Connery,
Sears_Catalog_Home,united states
Season,
Seattle%2C_Washington,united states
Seawater,
Sea_level_rise,
Sea_of_Galilee,israel
Second_Boer_War,south africa
Second_Congo_War,
Second_Crusade,france
Seed,
Seinfeld,united states
Selena,
Selenium,
Semiconductor,
Semiconductor_device,
Senate_of_Canada,canada
Senegal,senegal
Senufo_languages,burkina faso
Seoul,south korea
Separation_of_powers_under_the_United_States_Constitution,united states
September_11%2C_2001_attacks,
Sequence_alignment,
Sequoia,united states
Serbia,serbia
Serbia_and_Montenegro,serbia
Serenity_%28film%29,united states
Sermon_on_the_Mount,israel
Sesame,
Sesame_Street,united states
Set,
Severn_crossing,
Seychelles,seychelles
Sgt._Pepper%27s_Lonely_Hearts_Club_Band,united kingdom
Shabo_language,ethiopia
Shackleton_%28crater%29,
Shaka,south africa
Shanghai,china
Shark,
Sharon_Tate,united states
Sheffield,
Sheikh_Mujibur_Rahman,bangladesh
Shelduck,
Shenzhou_6,china
Shenzhou_spacecraft,china
Shetland,
Shielded_metal_arc_welding,
Shigin,japan
Shining_Path,peru
Shinto,japan
Ship,italy
Shoe_polish,australia
Short-beaked_Echidna,australia
Shoshone_National_Forest,
Shrimp_farm,
Shrine_of_Remembrance,australia
Shroud_of_Turin,italy
Sichuan_Pepper,china
Sicilian_Baroque,italy
Sickle-cell_disease,
Siege,turkey
Siege_of_Antioch,turkey
Sierra_Leone,sierra leone
Sigmund_Freud,austria
Sikhism,india
Sikkim,india
Silent_film,
Silicon,
Silurian,
Silver,
Sim%C3%B3n_Bol%C3%ADvar,venezuela
Simca_Vedette,france
SimCity,united states
Sinclair_Research_Ltd,
Singapore,singapore
Sino-German_cooperation_%281911-1941%29,china
Sino-Roman_relations,china
Sirius,
Sistine_Chapel_ceiling,
Sitting_Bull,united states
Six-party_talks_concerning_North_Korea%27s_nuclear_program,north korea
Sk%C3%A5neland,sweden
Ska,jamaica
Skiing,
Skylark,
Slavery,united kingdom
Slavic_mythology,poland
Sleep,
Slovakia,slovakia
Slovenia,slovenia
Smallpox,
Smog,united kingdom
Snaefell_Mountain_Railway,isle of man
Snake_charming,india
Snow,
Snowball_Earth,
Snowdonia,
Snowdonia_National_Park,
Snowy_Owl,
Snow_Goose,
Socialism,
Social_anxiety,
Social_capital,
Social_contract_%28Malaysia%29,malaysia
Society,
Society_of_Merchant_Venturers,
Sociocultural_evolution,
Sociology,
Socrates,greece
Soddo_language,ethiopia
Sodium,
Sodium_hydroxide,
Sodium_sulfate,
Soil,
Soils_retrogression_and_degradation,france
Soil_moisture,
Soil_pH,
Soil_profile,
Soil_salination,
Soil_science,
Soil_structure,
Solar_eclipse,
Solar_System,
Solomon_Islands,solomon islands
Somalia,
Song_Thrush,
Sonic_the_Hedgehog_%28character%29,japan
Sony,japan
Sorghum,india
Sorrel,
Soukous,
Sound,
Soup,
Southampton,
Southern_Africa,south africa
Southern_Ocean,antarctica
Southern_Pacific_4449,united states
Southern_Rockhopper_Penguin,
Southern_United_States,united states
South_Africa,south africa
South_America,brazil
South_China_Sea,china
South_Georgia_and_the_South_Sandwich_Islands,
South_Korea,south korea
South_Ossetia,georgia
Soviet_Union,russia
Soybean,china
Spacecraft_propulsion,
Space_exploration,
Space_Invaders,japan
Space_Race,
Space_Shuttle_Challenger,united states
Space_Shuttle_Challenger_disaster,united states
Space_Shuttle_Columbia,united states
Space_Shuttle_Columbia_disaster,united states
Space_Shuttle_Endeavour,united states
Space_Shuttle_program,united states
Space_station,
Space_suit,
Spain,spain
Spanish_Armada,spain
Spanish_conquest_of_the_Inca_Empire,peru
Spanish_Inquisition,spain
Spanish_language,spain
Sparrow,
Sparrowhawk,
Speaker_of_the_British_House_of_Commons,united kingdom
Speaker_of_the_United_States_House_of_Representatives,united states
Special_relativity,
Speech_synthesis,
Speed_of_light,
Sperm_Whale,
Sphere,
Spherical_aberration,
Spider,
Spinosaurus,egypt
Spirit_of_the_American_Doughboy,united states
Spix%27s_Macaw,brazil
Split_infinitive,
Sponsorship_Directdebit,united kingdom
Sport,australia
Spotted_Flycatcher,
Spring_%28season%29,
Spring_Heeled_Jack,
Sputnik_1,
Sputnik_2,russia
Sputnik_program,
Spyware,
Squash_%28sport%29,
SR-71_Blackbird,united states
Sri_Lanka,sri lanka
Sri_Lankan_Civil_War,sri lanka
Stage_%28theatre%29,
Stag_beetle,united kingdom
Stained_glass,
Stanis%C5%82aw_Koniecpolski,poland
Stanis%C5%82aw_Lem,poland
Stanley%2C_Falkland_Islands,falkland islands
Stanley_Baldwin,united kingdom
Star,united states
StarCraft,united states
Stargate_SG-1,united states
Starling,
Starship_Troopers,united states
Star_anise,china
Star_Fox__Assault,japan
Star_Trek,united states
Star_Trek__Deep_Space_Nine,united states
Star_Trek__The_Original_Series,united states
Star_Wars,
Star_Wars_Episode_IV__A_New_Hope,
Statistics,
Statue_of_Zeus_at_Olympia,greece
Steam_engine,
Steel,
Stefan_Edberg,sweden
Stegosaurus,
Stem_cell,
Stephen_Harper,canada
Stephen_Hawking,
Stephen_Jay_Gould,united states
Stephen_of_England,
Stephen_Trigg,united states
Steve_Davis,
Stickleback,
Still_Game,
Stingray,australia
Stock,united states
Stockholm,sweden
Stock_car_%28rail%29,united states
Stoicism,greece
Stonehenge,
Stone_Age,
Storm_of_October_1804,united states
Stornoway,
Stourbridge_Lion,
Strait_of_Malacca,malaysia
Stratford-upon-Avon,
String_theory,
Stroke,united states
Strontium,
Struthiomimus,canada
Stuttering,
Stuttgart,germany
Styracosaurus,canada
St_Buryan,
St_Michael%27s_Mount,
St_Paul%27s_Cathedral,
Sub-Saharan_Africa,
Suburbs_of_Johannesburg,south africa
Sucre,bolivia
Sudan,sudan
Sudanic_languages,
Sudoku,japan
Suez_Canal,egypt
Suffrage,new zealand
Sugar,india
Sugarcane,brazil
Sugar_beet,
Suikinkutsu,japan
Suleiman_the_Magnificent,turkey
Sulfur,
Sulfuric_acid,
Sultan,oman
Sumac,
Sumatra,indonesia
Sumer,iraq
Summer,
Summer_Hill%2C_New_South_Wales,australia
Sumo,japan
Sun,china
Sundew,australia
Sunflower,
Sunlight,united states
Sunol_Water_Temple,united states
Sunset_Boulevard_%281950_film%29,united states
Sun_Tzu,china
Sun_Yat-sen,china
Superconductivity,
Superman,canada
Supermarine_Spitfire,united kingdom
Super_14,australia
Super_Bowl_XL,united states
Super_Chief,united states
Super_Mario_64,japan
Super_Mario_Bros.,japan
Supply_and_demand,
Supply_chain_management,
Supreme_Court_of_the_United_States,united states
Suriname,suriname
Surtsey,iceland
Sustainable_forestry,
Sutton_Hoo,
Svalbard,norway
Svart%C3%A1lfar,
Swallow,
Swan,australia
Swastika,india
Swaziland,
Sweden,sweden
Swedish_allotment_system,sweden
Swift,united states
Swissair_Flight_111,canada
Swiss_Federal_Council,switzerland
Switzerland,switzerland
Sydney,australia
Sydney_Newman,canada
Sydney_Riot_of_1879,australia
Sylvanus_Morley,honduras
Symmetry,
Synthesizer,
Syria,syria
T-34,ukraine
T._D._Judah,canada
T._S._Eliot,united kingdom
Tacitean_studies,italy
Tagoi_language,sudan
Taipei,taiwan
Taiwan,taiwan
Tajikistan,tajikistan
Taj_Mahal,india
Talc,australia
Tamarind,
Tamil_language,india
Tamil_people,india
Tank,
Tansy,
Tantalum,
Tanzania,tanzania
Taoism,china
Tao_Te_Ching,china
Tarragon,
Tashkent,uzbekistan
Tasmanian_Devil,australia
Tawny_Owl,
Tay-Sachs_disease,israel
Tay_Rail_Bridge,
Tea,china
Technetium,
Technology,
Tehran,iran
Telecommunication,france
Telephone,united states
Telephone_exchange,united states
Telescope,france
Television,germany
Tellurium,
Tel_Aviv,israel
Temperate,
Temple_of_Artemis,turkey
Templon,greece
Tennis,
Tennis_Masters_Cup,
Tenzing_Norgay,nepal
Tenzin_Gyatso%2C_14th_Dalai_Lama,
Terbium,
Terik,kenya
Tern,
Terrorism,
TeX,united states
Textile,pakistan
TGV,france
Thailand,thailand
Thalassemia,cyprus
Thallium,
Theatre,
Theatre_in_the_round,united states
Theatre_Royal%2C_Drury_Lane,
Theodore_Roosevelt,
Therizinosaurus,mongolia
Thermodynamics,
Thermodynamic_temperature,
Theropoda,argentina
Theta,greece
The_Absent-Minded_Beggar,south africa
The_Adventures_of_Tintin,belgium
The_Anarchy,
The_Ashes,australia
The_Bahamas,bahamas
The_Beano,united kingdom
The_Beatles,
The_Beatles_discography,united kingdom
The_Blitz,united kingdom
The_Broads,
The_Brothers_Karamazov,russia
The_Canadian,canada
The_Cantos,italy
The_Catcher_in_the_Rye,united states
The_Catlins,new zealand
The_Cat_in_the_Hat,
The_Championships%2C_Wimbledon,united kingdom
The_Children%27s_Machine,
The_Country_Wife,
The_Count_of_Monte_Cristo,france
The_Curious_Incident_of_the_Dog_in_the_Night-time,united kingdom
The_Dandy,united kingdom
The_Fairy-Queen,
The_Famous_Five_%28characters%29,
The_Fens,
The_Frogs,greece
The_Gambia,gambia
The_Godfather,united states
The_Great_Exhibition,united kingdom
The_Hague,netherlands
The_Hitchhiker%27s_Guide_to_the_Galaxy,united kingdom
The_Hobbit,united kingdom
The_Holocaust,
The_Illuminatus%21_Trilogy,united states
The_Importance_of_Being_Earnest,
The_Iron_Bridge,
The_King%27s_Regiment_%28Liverpool%29,united kingdom
The_Last_Supper_%28Leonardo%29,italy
The_Legend_of_Zelda_series,japan
The_Lion%2C_the_Witch_and_the_Wardrobe,united kingdom
The_Lion_King,south africa
The_Lorax,
The_Lord_of_the_Rings,new zealand
The_Lord_of_the_Rings_film_trilogy,new zealand
The_Magic_Flute,austria
The_Marriage_of_Figaro,
The_Merchant_of_Venice,italy
The_Mismeasure_of_Man,
The_Old_Man_and_the_Sea,cuba
The_Origin_of_Species,united kingdom
The_Oz_books,
The_Picture_of_Dorian_Gray,ireland
The_Pilgrim%27s_Progress,united kingdom
The_Quatermass_Experiment,
The_Relapse,
The_Rime_of_the_Ancient_Mariner,
The_Rite_of_Spring,russia
The_Rolling_Stones,
The_Seagull,russia
The_Shawshank_Redemption,united states
The_Simpsons,united states
The_Smiths,
The_Supremes,
The_Temptations,
The_Wall_Street_Journal,united states
The_Waste_Land,
The_West_Wing_%28TV_series%29,
The_X-Files,united states
Thiamine,japan
Third_Servile_War,italy
Thomas_Aquinas,italy
Thomas_Becket,
Thomas_Cranmer,
Thomas_Edison,united states
Thomas_Gainsborough,
Thomas_Hobbes,
Thomas_Jefferson,
Thomas_Malthus,
Thomas_More,
Thomas_Pynchon,united states
Thomas_Samuel_Kuhn,united states
Thor,
Thorax,
Thorium,australia
Thrasybulus,greece
Three_Gorges_Dam,china
Three_Laws_of_Robotics,
Three_Mile_Island_accident,united states
Thrush_%28bird%29,
Thucydides,greece
Thulium,
Thunderstorm,
Tiananmen_Square_protests_of_1989,china
Tibet,china
Tide,canada
Tiger,
Tiger_shark,
Tiger_Woods,united states
Tigris,iraq
Tijuana,mexico
Tiktaalik,canada
Timbuktu,mali
Time,india
Timeline_of_discovery_of_solar_system_planets_and_their_natural_satellites,
Time_zone,
Timken_1111,united states
Timur,uzbekistan
Tim_Berners-Lee,united kingdom
Tim_Henman,united kingdom
Tin%28II%29_chloride,
Tin,china
Tin_whistle,ireland
Tiridates_I_of_Armenia,armenia
Titanium,
Titanosauridae,argentina
Tobacco,
Tobacco_smoking,
Tofu,china
Togo,togo
Tokelau,new zealand
Tokyo,japan
Toluene,
Tom_and_Jerry_%28MGM%29,united states
Tone_cluster,canada
Tonga,tonga
Tony_Blair,united kingdom
Tooth_development,
Tooth_enamel,
Topology,
Top_of_the_Pops,united kingdom
Toraja,indonesia
Tornado,united states
Toronto,canada
Tottenham_Hotspur_F.C.,
Tourette_syndrome,france
Tourism,
Tour_de_France,france
Tower_Bridge,
Tower_of_London,
Toy,united states
Toy_Story,united states
To_Kill_a_Mockingbird,united states
Trabancos_River,spain
Trade_and_usage_of_saffron,japan
Trade_union,united kingdom
Trafalgar_Square,united kingdom
Train,
Trans-Siberian_Railway,russia
Transit_of_Venus,
Transport,taiwan
Trapdoor_spider,
Treasure_Island,
Treaty_of_Devol,
Treaty_of_Versailles,france
Tree,
Treecreeper,
Tree_frog,
Tree_Sparrow,
Trench_warfare,
Triassic,germany
Triathlon,france
Tribe,
Triceratops,
Trichinosis,
Triggerplant,australia
Trigonometric_function,
Trigonometry,
Trimurti,india
Trinidad_and_Tobago,
Trinity,
Trinity_College%2C_Cambridge,
Trinity_test,united states
Tripitaka,india
Tripoli,libya
Triumph_of_the_Will,germany
Trobairitz,france
Trojan_War,
Troodon,
Troop_sleeper,united states
Tropical_cyclone,
Tropical_Storm_Allison,united states
Tropical_Storm_Ana_%282003%29,
Tropical_Storm_Bilis_%282006%29,
Tropical_Storm_Bonnie_%282004%29,united states
Tropical_Storm_Chris_%282006%29,bahamas
Tropical_Storm_Danielle_%281992%29,united states
Tropical_Storm_Delta_%282005%29,morocco
Tropical_Storm_Franklin_%282005%29,bahamas
Tropical_Storm_Harvey_%282005%29,bermuda
Tropical_Storm_Henri_%282003%29,united states
Tropical_Storm_Isabel_%281985%29,puerto rico
Tropical_Storm_Larry_%282003%29,mexico
Tropical_Storm_Lee_%282005%29,
Tropical_Storm_Leslie_%282000%29,united states
Tropical_Storm_Matthew_%282004%29,united states
Tropical_Storm_Odette_%282003%29,
Tropical_Storm_Vamei,singapore
Tropical_Storm_Zeta_%282005%29,united states
Tropics,philippines
Trout,
Trumpet,
Tsar_Bomba,russia
Tsunami,japan
Tuatara,new zealand
Tuberculosis,
Tufted_Duck,
Tuna,
Tungsten,china
Tunis,tunisia
Tunisia,tunisia
Tupac_Shakur,united states
Turin,italy
Turkey,turkey
Turkey_%28bird%29,
Turkish_literature,turkey
Turkish_Republic_of_Northern_Cyprus,
Turkmenistan,turkmenistan
Turks_and_Caicos_Islands,
Turmeric,india
Turner_syndrome,
Turquoise,iran
Turtle,
Tutsi,rwanda
Tuvalu,tuvalu
Tycho_Brahe,denmark
Typewriter,united states
Typhoon_Ewiniar_%282006%29,japan
Typhoon_Saomai_%282006%29,china
Tyrannosaurus,
U.S._Navy_Marine_Mammal_Program,united states
U.S._Open_%28tennis%29,united states
U.S._Route_66,united states
U.S._state,united states
U2,ireland
Ubuntu_%28Linux_distribution%29,south africa
Uffington_White_Horse,
Uganda,uganda
Ukraine,ukraine
Ukulele,
Ulawun,
Ultimatum_game,mongolia
Ultraviolet,
Uluru,australia
Ulysses_S._Grant,
Umbrella_Cockatoo,indonesia
Underground_%28stories%29,japan
Union_Flag,united kingdom
Union_Station_%28San_Diego%29,united states
United_Arab_Emirates,united arab emirates
United_for_Peace_and_Justice,united states
United_Kingdom,united kingdom
United_Kingdom_national_football_team,united kingdom
United_Malays_National_Organisation,malaysia
United_Nations,united states
United_States,united states
United_States_Bill_of_Rights,united states
United_States_Congress,united states
United_States_Constitution,united states
United_States_Declaration_of_Independence,united states
United_States_dollar,united states
United_States_House_of_Representatives,united states
United_States_Numbered_Highways,united states
United_States_Senate,united states
United_States_Virgin_Islands,united states
Universe,
University,
University_of_Bristol,united kingdom
University_of_Cambridge,
University_of_Chicago,
University_of_Texas_at_Austin,
Unix,united states
Ununbium,germany
Ununhexium,
Ununoctium,
Ununpentium,
Ununquadium,
Ununtrium,
Upsilon_Andromedae,
Upsilon_Andromedae_b,
Upsilon_Andromedae_c,
Upsilon_Andromedae_d,
Uranium,australia
Uranus,
Urial,pakistan
Ursuline_Convent_Riots,united states
Uruguay,uruguay
USS_Wisconsin_%28BB-64%29,united states
Utilitarianism,
Utrecht_%28city%29,netherlands
Uzbekistan,uzbekistan
Vacutainer,
Valpara%C3%ADso,chile
Vampire,united states
Vampire_bat,
Vanadium,
Vancouver,canada
Vanilla,madagascar
Vanuatu,vanuatu
Van_Halen,
Varanasi,india
Vasco_da_Gama,portugal
Vatican_City,
Vegetable,
Vegetation,
Velociraptor,mongolia
Venezuela,venezuela
Venn_diagram,united kingdom
Venus,
Venus_and_Adonis_%28opera%29,
Vernon_Kell,united kingdom
Vertebrate,
Vestigial_structure,
Vicia_faba,
Victoria%2C_Seychelles,seychelles
Victoria_Cross,united kingdom
Victoria_of_the_United_Kingdom,united kingdom
Victor_Hugo,france
Video,
Vienna,austria
Vietnam,vietnam
Vietnam_War,vietnam
Viking,norway
Vinaya,india
Vincent_van_Gogh,netherlands
Virgil,italy
Virginian_Railway,united states
Virtuti_Militari,poland
Virus,
Visual_arts,
Vitamin,
Vitamin_C,
Vitamin_D,
Vitus_Bering,russia
Vivien_Leigh,
Vladimir_Lenin,russia
Vodafone,united kingdom
Volcanic_pipe,australia
Volcano,
Vole,
Volga_River,russia
Volleyball,united states
Volt,italy
Voltaire,france
Voting,
Vowel,
Voynich_manuscript,poland
Vulgar_Latin,italy
Vulture,
W._Mark_Felt,united states
Wader,
Waheguru,india
Wake_Island,united states
Wales,
Wallaby,australia
Wallis_and_Futuna,france
Wall_Street,united states
Walrus,
Walter_Raleigh,
Walter_Scott,
Walt_Disney,united states
Walt_Whitman,united states
War,armenia
Ward_Cunningham,united states
Warren_G._Harding,
Warsaw,poland
Warsaw_Uprising_%281794%29,poland
Wars_of_Castro,italy
Wars_of_the_Roses,
War_and_Peace,russia
War_in_Somalia_%282006%E2%80%93present%29,
War_of_the_League_of_Cambrai,italy
War_of_the_Spanish_Succession,spain
Wasabi,japan
Washington%2C_D.C.,united states
Washington_Metro,united states
Washington_streetcars,united states
Wasp,
Waste_management,canada
Watch,
Watchmen,united states
Water,italy
Watercolor_painting,
Water_Buffalo,
Water_polo,italy
Water_purification,
Water_resources,
Watling_Street,
Wave%E2%80%93particle_duality,
Wave,
Wayne_Rooney,
Weakest_Link,united kingdom
Weapon,
Weasel,
Weather,
Weather_forecasting,united states
Weather_map,united states
Weed,
Weight_training,
Weimar_Republic,germany
Welding,
Wellington,new zealand
Welsh_law,
Wernher_von_Braun,united states
Wessex,
Western_Front_%28World_War_I%29,france
Western_painting,france
Western_Roman_Empire,italy
Western_Sahara,
Westminster_Abbey,
Westminster_System,united kingdom
Weston-super-Mare,
Westport_Country_Playhouse,united states
West_Bank,
West_Flemish,belgium
West_Virginia,united states
Weyauwega_derailment,united states
Weymouth,
Weyto_language,ethiopia
Whale,
Whale_shark,
Whale_song,
Wheat,china
Where_Did_Our_Love_Go,
Whipworm,
White%27s_Tree_Frog,australia
White-tailed_Eagle,norway
Whitethroat,
White_cliffs_of_Dover,united kingdom
White_Mountain_art,united states
White_Wagtail,
Whitney_Joins_The_JAMs,
Whooping_Crane,canada
Wigeon,
Wikimedia_Foundation,united states
Wikinews,
Wikipedia,
Wikipedia_Text_of_the_GNU_Free_Documentation_License,
Wikisource,
Wikispecies,
Wildebeest,
Wild_cat,
Willem_Barents,russia
William_and_Mary,united kingdom
William_Butler_Yeats,ireland
William_Edington,
William_Ewart_Gladstone,united kingdom
William_Gilbert,
William_Gladstone,united kingdom
William_Harvey,
William_Henry_Harrison,
William_Hogarth,
William_Howard_Taft,united states
William_III_of_England,
William_II_of_England,
William_IV_of_the_United_Kingdom,united kingdom
William_I_of_England,
William_Mahone,
William_McKinley,
William_N._Page,united states
William_Pitt_the_Younger,united kingdom
William_Renshaw,united kingdom
William_Shakespeare,
William_Tecumseh_Sherman,united states
William_the_Silent,netherlands
William_Thomson%2C_1st_Baron_Kelvin,
William_Wilberforce,
Wind,united states
Windows_2000,united states
Windows_Vista,
Windows_XP,united states
Windsor_Castle,
Wine,france
Winfield_Scott_%28ship%29,united states
Winfield_Scott_Hancock,united states
Winston_Churchill,united kingdom
Winston_Tunnel,united states
Winter,germany
Witold_Pilecki,poland
Wolfgang_Amadeus_Mozart,austria
Wolf_Brother,united kingdom
Wolverine,
Wombat,australia
Women%27s_rights,
Wood,
Woodpecker,
Woodrow_Wilson,
Woodruff,australia
Woodworking,germany
Wood_fuel,united states
Wood_Pigeon,
WorkChoices,australia
Working_poor,
Work_%28thermodynamics%29,
World_Bank_Group,united states
World_Health_Organization,switzerland
World_Heritage_Site,china
World_Trade_Organization,switzerland
World_War_I,france
World_War_II,united kingdom
World_Wide_Web,switzerland
Worm,
Wowpurchase,
Wren,
Wrench,
Wrestling,united states
Wright_brothers,united states
Writing,
WTA_Tour_Championships,spain
Wyndham_Robertson,united states
X-Men__The_Last_Stand,united states
Xanadu_House,united states
Xenon,
X_Window_core_protocol,united states
X_Window_System,united states
X_Window_System_protocols_and_architecture,
Yagan,australia
Yak,
Yamoussoukro,
Yangtze_River,china
Yarralumla%2C_Australian_Capital_Territory,australia
Yeast,
Yellowhammer,
Yellowstone_National_Park,
Yellow_fever,
Yellow_River,china
Yemen,yemen
Yenisei_River,russia
Yes_Minister,united kingdom
Yeti,nepal
Yom_Kippur_War,israel
York,
Yorkshire_Dales,
Yotsuya_Kaidan,japan
You%27re_Still_the_One,canada
Ytterbium,
Yttrium,
Yugoslavia,serbia
Yungay%2C_Peru,peru
Yuri_Gagarin,russia
Yuri_Knorosov,russia
Z%C3%BCrich,switzerland
Zachary_Taylor,united states
Zambezi,zambia
Zambia,zambia
Zara_Yaqob,ethiopia
Zebra,
Zebra_shark,
Zeus,greece
Zhang_Qian,china
Zheng_He,china
Ziad_Jarrah,lebanon
Zimbabwe,zimbabwe
Zinc,
Zinc_chloride,
Zionism,israel
Zion_National_Park,
Zirconium,
Zoroaster,iran
Zuid-Gelders,netherlands
Zulu,south africa
ZX_Spectrum,united kingdom
